,emdd,fosslim,scenario_cback,scenario_elasticity_of_damages,scenario_limmiu,scenario_pop_gdp,scenario_sigma,t2xco2_dist,t2xco2_index
0,0.2392730215313951,8631.381617632163,0.0,2.0,1.0,2.0,2.0,2.0,201.0
1,0.5092225597316076,11039.836155485164,0.0,1.0,1.0,1.0,1.0,0.0,512.0
2,0.1299343300471765,12748.179349163618,1.0,1.0,0.0,4.0,2.0,0.0,832.0
3,0.5572070251383914,4732.090109124135,0.0,0.0,1.0,0.0,2.0,1.0,372.0
4,0.1586811599251243,4015.5172292725374,0.0,2.0,1.0,5.0,1.0,1.0,300.0
5,0.3238786284440771,10214.068973680292,1.0,2.0,0.0,3.0,1.0,1.0,359.0
6,0.2569775985733962,9632.565937847869,0.0,2.0,0.0,0.0,2.0,1.0,429.0
7,0.4348275597643364,4462.686822000197,0.0,2.0,1.0,5.0,0.0,2.0,295.0
8,0.5242254352004457,12824.554915998342,0.0,1.0,0.0,2.0,2.0,0.0,396.0
9,0.3439587051130833,5009.668174099652,0.0,1.0,1.0,1.0,1.0,2.0,941.0
10,0.1862120442379303,5817.538235050414,1.0,2.0,0.0,0.0,2.0,0.0,91.0
11,0.1480049354872606,7868.323688702241,1.0,1.0,1.0,0.0,0.0,2.0,509.0
12,0.4376936972610373,9645.812343306872,1.0,0.0,1.0,3.0,2.0,0.0,772.0
13,0.1772359527333185,6011.243826437574,0.0,1.0,1.0,0.0,2.0,0.0,577.0
14,0.1029565839718699,4418.203148891496,1.0,1.0,1.0,1.0,2.0,2.0,576.0
15,0.2203966517128479,5833.699832132119,0.0,2.0,0.0,2.0,0.0,1.0,84.0
16,0.1960610953461456,10573.110542814024,0.0,2.0,0.0,0.0,2.0,1.0,912.0
17,0.4955188082904333,8390.279905356445,1.0,2.0,0.0,5.0,1.0,0.0,403.0
18,0.3412116031342291,8859.573204158136,1.0,2.0,0.0,3.0,0.0,0.0,788.0
19,0.4007641976217989,4491.257683048547,1.0,0.0,1.0,5.0,2.0,0.0,1.0
20,0.5951099470083446,4868.463316065553,0.0,0.0,0.0,3.0,2.0,0.0,339.0
21,0.516444050623069,7294.535690029794,0.0,1.0,0.0,0.0,2.0,1.0,53.0
22,0.234916743083845,6412.856615756748,0.0,2.0,1.0,0.0,0.0,0.0,195.0
23,0.0261175698354799,8613.642148046089,1.0,0.0,0.0,2.0,0.0,1.0,629.0
24,0.0193033094224597,5648.125146631749,1.0,2.0,0.0,4.0,0.0,2.0,703.0
25,0.3311030867033426,7338.538300036484,0.0,2.0,0.0,5.0,1.0,1.0,47.0
26,0.2401284859033653,6510.193182680666,1.0,2.0,1.0,4.0,0.0,0.0,798.0
27,0.1818743854489469,11360.177546179788,1.0,2.0,0.0,5.0,1.0,0.0,414.0
28,0.1208504037685647,11167.82591723106,0.0,2.0,1.0,1.0,2.0,2.0,801.0
29,0.3124346344794677,13031.798317579418,0.0,2.0,1.0,4.0,1.0,2.0,621.0
30,0.5468271496006265,11171.255988582974,0.0,1.0,1.0,5.0,1.0,0.0,224.0
31,0.1790305227809248,10807.950784955336,0.0,2.0,1.0,1.0,2.0,0.0,504.0
32,0.3668210044076805,9573.220314316615,0.0,2.0,0.0,2.0,1.0,2.0,598.0
33,0.2417293885946508,7365.232387226427,0.0,0.0,1.0,2.0,2.0,2.0,808.0
34,0.0017663398719452,11910.541633288629,0.0,2.0,0.0,3.0,0.0,1.0,852.0
35,0.1574081956034984,10246.064385470529,1.0,0.0,0.0,4.0,1.0,2.0,208.0
36,0.1642317667388024,6748.35404262963,0.0,1.0,0.0,4.0,0.0,2.0,877.0
37,0.3752719639909705,9431.266581545904,0.0,2.0,0.0,4.0,2.0,0.0,397.0
38,0.293779334135849,10188.491781932948,1.0,0.0,0.0,1.0,0.0,1.0,447.0
39,0.3646387464329587,7629.108995277524,1.0,1.0,0.0,4.0,1.0,0.0,539.0
40,0.3619335402703401,7923.6571180085375,0.0,1.0,1.0,5.0,1.0,1.0,602.0
41,0.1541510586415755,13452.295191871764,1.0,2.0,1.0,1.0,0.0,2.0,614.0
42,0.1485670667838423,12899.699896542164,1.0,1.0,1.0,4.0,1.0,0.0,31.0
43,0.5864804067180526,4060.963221871437,1.0,1.0,1.0,3.0,2.0,0.0,265.0
44,0.5232569412679817,12777.884758090531,0.0,1.0,1.0,5.0,2.0,1.0,134.0
45,0.3308982689461628,12576.944252218482,0.0,0.0,0.0,3.0,1.0,1.0,568.0
46,0.4075110233898301,13523.502446351114,0.0,2.0,0.0,3.0,1.0,2.0,362.0
47,0.4597906546406567,4997.764275817564,0.0,2.0,1.0,1.0,1.0,1.0,293.0
48,0.4476325754231183,10078.868576146491,0.0,2.0,0.0,3.0,1.0,2.0,45.0
49,0.5773196446759586,13008.226260848503,1.0,0.0,0.0,0.0,2.0,2.0,207.0
50,0.5696572541642779,7475.442216189646,1.0,2.0,0.0,4.0,2.0,1.0,829.0
51,0.1105996550049223,7801.958468532252,1.0,1.0,1.0,2.0,2.0,0.0,229.0
52,0.4106487826403265,10101.66863187519,1.0,0.0,1.0,4.0,0.0,0.0,460.0
53,0.4363113600948156,7737.312122490027,1.0,2.0,1.0,4.0,0.0,2.0,937.0
54,0.228731363960424,7890.45984503615,1.0,0.0,1.0,5.0,0.0,2.0,623.0
55,0.3118398875007581,7916.63989864427,0.0,2.0,1.0,1.0,0.0,2.0,448.0
56,0.5343252001246486,8063.124040569181,1.0,2.0,0.0,5.0,0.0,2.0,149.0
57,0.3719843440257482,7604.509597831069,1.0,1.0,1.0,2.0,2.0,2.0,29.0
58,0.3966802267486445,10658.874170723257,0.0,0.0,0.0,0.0,0.0,1.0,32.0
59,0.4892299594408052,8291.838477001038,1.0,2.0,0.0,1.0,1.0,1.0,651.0
60,0.0173732770270535,11745.553143365234,0.0,1.0,0.0,0.0,0.0,0.0,299.0
61,0.4513452923915695,12359.596652416443,1.0,0.0,0.0,5.0,0.0,1.0,591.0
62,0.584198528320885,13230.487932478189,0.0,2.0,1.0,2.0,2.0,1.0,35.0
63,0.292064130473354,5194.3187534734425,1.0,1.0,0.0,1.0,0.0,1.0,797.0
64,0.0523357746761735,12764.040516821144,1.0,1.0,1.0,2.0,1.0,0.0,215.0
65,0.0797328218539406,11287.966823019451,0.0,0.0,1.0,4.0,1.0,2.0,932.0
66,0.0410994778622868,12472.012537567807,1.0,0.0,0.0,0.0,2.0,1.0,656.0
67,0.288849593499305,6962.750279801467,0.0,0.0,1.0,4.0,0.0,0.0,861.0
68,0.4015127382357576,5797.295774811792,0.0,0.0,0.0,4.0,1.0,1.0,433.0
69,0.403963230325691,10941.00281186705,1.0,2.0,1.0,4.0,0.0,0.0,345.0
70,0.4615396591525044,7884.1119423054915,0.0,1.0,1.0,2.0,1.0,0.0,725.0
71,0.4724238425054311,12955.307038951916,1.0,1.0,1.0,2.0,1.0,0.0,662.0
72,0.5931146606591862,9947.88528807086,1.0,0.0,1.0,4.0,0.0,2.0,775.0
73,0.0781035280414256,8155.745712793901,1.0,0.0,1.0,2.0,1.0,2.0,759.0
74,0.5198674102629897,5351.016748192805,1.0,2.0,0.0,3.0,0.0,1.0,127.0
75,0.2213146240270494,9157.222265564837,1.0,2.0,1.0,3.0,2.0,0.0,936.0
76,0.327263411392345,11267.070221099071,0.0,2.0,1.0,4.0,1.0,0.0,521.0
77,0.1120921703043839,5306.466743478157,1.0,0.0,1.0,1.0,0.0,1.0,828.0
78,0.3487767239627317,5068.963189647715,0.0,1.0,1.0,4.0,0.0,1.0,505.0
79,0.3454609155145715,6246.3682049298095,0.0,1.0,0.0,4.0,1.0,0.0,734.0
80,0.3263624794635918,9591.384113130878,0.0,1.0,0.0,2.0,1.0,0.0,562.0
81,0.0044671505090452,11586.34049878372,0.0,1.0,1.0,4.0,0.0,2.0,346.0
82,0.4937902311368153,6819.253032642408,0.0,2.0,1.0,3.0,0.0,0.0,56.0
83,0.5065665234905943,8589.696035728077,1.0,1.0,1.0,0.0,0.0,1.0,6.0
84,0.0699447439951639,9915.116348201896,0.0,2.0,0.0,4.0,2.0,2.0,630.0
85,0.1807288825128956,12933.85491372491,1.0,1.0,0.0,2.0,0.0,2.0,138.0
86,0.0573814675600066,4931.168988803902,1.0,0.0,0.0,1.0,1.0,2.0,625.0
87,0.360418608434539,11640.909125515042,1.0,1.0,1.0,4.0,0.0,0.0,974.0
88,0.3373077010235017,12139.534375217969,0.0,2.0,0.0,0.0,2.0,1.0,552.0
89,0.1851066595378135,5517.871220782382,1.0,0.0,1.0,3.0,0.0,2.0,886.0
90,0.4256817229515867,4283.670179964869,0.0,2.0,0.0,3.0,0.0,2.0,645.0
91,0.3882113747623347,9761.836401648035,1.0,0.0,0.0,3.0,2.0,0.0,492.0
92,0.0636739452329498,6220.614824032642,1.0,0.0,1.0,3.0,0.0,0.0,191.0
93,0.1199909996300115,10113.975233465411,0.0,1.0,0.0,4.0,0.0,2.0,924.0
94,0.1603812106820258,10458.401281854858,0.0,2.0,1.0,5.0,2.0,2.0,78.0
95,0.2448727953519743,4177.000999136864,0.0,0.0,0.0,5.0,0.0,1.0,560.0
96,0.1347306622879059,5655.288491241336,1.0,1.0,1.0,3.0,0.0,0.0,77.0
97,0.5087932297096363,12716.171649621434,0.0,0.0,0.0,4.0,2.0,1.0,934.0
98,0.0836902584370106,8713.085666557752,1.0,1.0,1.0,1.0,1.0,1.0,73.0
99,0.3945012332584305,7089.379859127006,0.0,0.0,1.0,3.0,0.0,2.0,954.0
100,0.2730823562238908,11465.746150514988,0.0,0.0,1.0,3.0,2.0,1.0,510.0
101,0.0953526863077881,9001.736011356239,0.0,2.0,0.0,5.0,2.0,1.0,536.0
102,0.5156984226755962,5593.851880584943,1.0,0.0,1.0,3.0,0.0,1.0,747.0
103,0.4744297027228331,6889.388079197367,1.0,2.0,0.0,1.0,0.0,2.0,211.0
104,0.0816556689554678,5932.6398281461015,1.0,1.0,0.0,3.0,1.0,1.0,606.0
105,0.2105657794551621,6111.631760652006,0.0,0.0,0.0,4.0,0.0,2.0,139.0
106,0.5321907444622198,7664.511110932464,1.0,2.0,0.0,3.0,2.0,0.0,895.0
107,0.5117651126735366,4697.314621337744,0.0,1.0,1.0,3.0,1.0,0.0,714.0
108,0.0438137195495056,7287.857366759203,0.0,1.0,0.0,3.0,2.0,2.0,840.0
109,0.1434090341065025,7160.148141886248,0.0,1.0,0.0,3.0,1.0,1.0,796.0
110,0.3168925116241994,5513.478235004059,1.0,0.0,0.0,4.0,2.0,0.0,435.0
111,0.5225242403630785,13102.657837016308,0.0,0.0,1.0,2.0,2.0,0.0,410.0
112,0.3092421753709267,7496.73573395685,1.0,1.0,0.0,3.0,0.0,2.0,705.0
113,0.4397450496374249,5611.262602316162,1.0,0.0,1.0,2.0,2.0,1.0,22.0
114,0.089807395072669,11252.888634149967,0.0,0.0,0.0,3.0,1.0,0.0,274.0
115,0.19561012937284,5924.977244645153,0.0,0.0,1.0,4.0,1.0,2.0,951.0
116,0.5190031808689763,12410.681789352053,0.0,1.0,0.0,1.0,0.0,1.0,315.0
117,0.3705083822161713,12641.22704545637,0.0,2.0,0.0,3.0,0.0,1.0,198.0
118,0.0474254487569514,8299.575335327107,1.0,0.0,0.0,2.0,2.0,2.0,763.0
119,0.3148213612496048,10934.918771934868,0.0,0.0,1.0,0.0,2.0,2.0,340.0
120,0.5313324293925537,6117.880242048622,0.0,0.0,1.0,2.0,1.0,1.0,700.0
121,0.161010853090433,10948.525749522963,1.0,1.0,0.0,0.0,1.0,0.0,241.0
122,0.0362671775327076,6794.657122723078,0.0,1.0,0.0,3.0,0.0,0.0,914.0
123,0.5916336005732997,11284.038745449589,1.0,2.0,0.0,1.0,2.0,2.0,987.0
124,0.3237461511243847,6957.441815012286,1.0,0.0,0.0,5.0,2.0,0.0,972.0
125,0.4414631194108573,13602.381476653238,1.0,1.0,0.0,2.0,2.0,0.0,148.0
126,0.3221035284122767,12026.228402897592,1.0,2.0,1.0,5.0,1.0,1.0,563.0
127,0.4177453989551949,5714.89201633265,0.0,1.0,1.0,1.0,0.0,2.0,721.0
128,0.0853407982607544,5052.341017316207,1.0,2.0,1.0,3.0,0.0,0.0,663.0
129,0.5063539601205749,6531.472630135567,1.0,0.0,0.0,3.0,0.0,0.0,975.0
130,0.4569418276870041,8539.439921157518,1.0,2.0,0.0,2.0,0.0,2.0,719.0
131,0.3796337365880309,5368.748299858512,1.0,0.0,0.0,2.0,0.0,2.0,581.0
132,0.46759787530067,6072.683417723256,0.0,0.0,0.0,0.0,1.0,2.0,735.0
133,0.559144127425188,13584.981999971564,0.0,2.0,0.0,3.0,2.0,2.0,686.0
134,0.0178361639480549,8550.493852791567,1.0,2.0,1.0,2.0,2.0,0.0,726.0
135,0.283829001088454,5023.650521573563,0.0,0.0,0.0,4.0,0.0,1.0,121.0
136,0.1335983461419027,5295.309874696295,0.0,2.0,1.0,4.0,2.0,0.0,668.0
137,0.3896493273684901,12100.217383706136,1.0,1.0,0.0,4.0,2.0,1.0,365.0
138,0.5491584798657012,9486.77013005035,1.0,1.0,1.0,3.0,1.0,2.0,526.0
139,0.445369029365388,5219.310739156504,1.0,0.0,0.0,3.0,0.0,0.0,673.0
140,0.1800085825161992,6238.0391171254905,0.0,1.0,1.0,1.0,2.0,0.0,913.0
141,0.1471331008209512,12540.969400274931,1.0,2.0,0.0,3.0,1.0,0.0,220.0
142,0.3761587039233164,12922.0043671292,1.0,1.0,0.0,2.0,2.0,2.0,136.0
143,0.1249062461542293,4530.860995462034,0.0,1.0,0.0,0.0,2.0,1.0,681.0
144,0.1318764022962449,9146.736596984796,0.0,1.0,1.0,2.0,2.0,0.0,745.0
145,0.2182205991265053,9749.870745971357,1.0,1.0,0.0,5.0,2.0,0.0,847.0
146,0.4908300521981109,8803.830972934413,0.0,1.0,0.0,4.0,1.0,2.0,348.0
147,0.1913385466046649,6830.646111076785,1.0,1.0,0.0,0.0,0.0,0.0,722.0
148,0.0478610744648771,10772.63922318049,1.0,0.0,0.0,0.0,1.0,0.0,419.0
149,0.3676200425093788,10313.081250754944,1.0,0.0,0.0,0.0,1.0,1.0,342.0
150,0.2446760985427937,8163.556263754569,1.0,2.0,0.0,1.0,2.0,0.0,785.0
151,0.4137522990396487,10493.791916834418,1.0,0.0,0.0,5.0,1.0,0.0,174.0
152,0.3251403491235747,6291.38526956493,0.0,1.0,1.0,5.0,0.0,0.0,500.0
153,0.4410502991664743,13645.623842745552,1.0,2.0,0.0,0.0,2.0,2.0,57.0
154,0.5606202874534819,5966.959353921997,1.0,0.0,0.0,1.0,0.0,1.0,513.0
155,0.2376551765034418,4916.230739749119,0.0,1.0,1.0,0.0,0.0,1.0,915.0
156,0.3825713771276484,8970.057490931622,0.0,1.0,0.0,0.0,1.0,2.0,874.0
157,0.2760358979019487,9238.867200009128,0.0,1.0,1.0,3.0,0.0,0.0,2.0
158,0.09445864379359,11975.289827564373,1.0,2.0,1.0,4.0,1.0,1.0,530.0
159,0.1295751496311573,11804.470667453825,0.0,0.0,0.0,0.0,1.0,2.0,949.0
160,0.1526804858036705,12351.686341096096,0.0,2.0,0.0,2.0,2.0,1.0,866.0
161,0.5167701676976298,9027.691928405438,1.0,2.0,0.0,3.0,1.0,1.0,956.0
162,0.4195991578010725,10012.332602359334,0.0,1.0,0.0,3.0,0.0,2.0,387.0
163,0.5336366218573124,5270.335148413606,0.0,0.0,1.0,1.0,1.0,2.0,96.0
164,0.5636642873132968,5694.759109514509,1.0,1.0,1.0,1.0,0.0,0.0,594.0
165,0.0806646920116201,4673.291993421435,1.0,2.0,1.0,4.0,0.0,0.0,557.0
166,0.2077604886005834,11773.676751217916,1.0,0.0,1.0,5.0,1.0,0.0,657.0
167,0.2164774764860589,10920.934195597443,1.0,2.0,0.0,1.0,0.0,0.0,209.0
168,0.1232672914823904,12939.089401706053,1.0,1.0,0.0,3.0,1.0,1.0,652.0
169,0.0098894004115056,7841.155462136607,1.0,2.0,0.0,5.0,0.0,1.0,326.0
170,0.1383994224467285,11378.15362039692,0.0,2.0,1.0,3.0,1.0,0.0,671.0
171,0.0821724396606787,7575.863414199024,0.0,2.0,0.0,0.0,2.0,2.0,516.0
172,0.2353871795986917,9244.89956849176,0.0,1.0,0.0,5.0,2.0,0.0,860.0
173,0.5414725667804904,4385.219895269151,0.0,2.0,0.0,2.0,2.0,2.0,867.0
174,0.2535309653749807,12798.947610888845,0.0,2.0,0.0,0.0,0.0,1.0,375.0
175,0.5942774459743413,13128.88437339014,0.0,1.0,1.0,3.0,1.0,2.0,947.0
176,0.0831902963123596,4851.752190324109,1.0,2.0,0.0,2.0,2.0,1.0,717.0
177,0.4676451685107538,12680.213885641955,0.0,2.0,1.0,0.0,2.0,1.0,989.0
178,0.1408112854036509,7051.225206816571,1.0,2.0,0.0,0.0,1.0,1.0,613.0
179,0.3177104489099491,5612.915062394561,1.0,0.0,1.0,3.0,0.0,0.0,270.0
180,0.2285400248469166,4296.0777269058735,0.0,2.0,0.0,4.0,2.0,1.0,679.0
181,0.4847645522087145,12042.22597202299,0.0,2.0,1.0,5.0,2.0,2.0,809.0
182,0.4833297354199464,13477.709811493432,0.0,2.0,1.0,0.0,1.0,1.0,407.0
183,0.2361132114391793,9052.844252791356,0.0,2.0,0.0,4.0,0.0,0.0,319.0
184,0.4735338884839736,13068.64006142117,0.0,2.0,1.0,3.0,1.0,2.0,981.0
185,0.0239141099064519,4956.454143623172,1.0,2.0,1.0,1.0,2.0,0.0,701.0
186,0.4218119004170345,8448.139862163724,1.0,2.0,1.0,1.0,2.0,0.0,39.0
187,0.1925299635225399,13429.256040649636,1.0,1.0,0.0,2.0,2.0,0.0,897.0
188,0.3907735855792867,7327.974925361489,1.0,1.0,1.0,4.0,2.0,1.0,190.0
189,0.4049389151207535,8409.559087928217,0.0,2.0,1.0,1.0,2.0,1.0,412.0
190,0.491599448181644,8755.000856172293,1.0,0.0,1.0,3.0,1.0,1.0,63.0
191,0.0902920347386895,4213.145223816491,0.0,0.0,1.0,2.0,2.0,2.0,455.0
192,0.4318676928310882,9816.203430779831,0.0,1.0,0.0,3.0,1.0,0.0,175.0
193,0.0886012071979971,5238.794639016415,1.0,0.0,1.0,0.0,0.0,2.0,980.0
194,0.2326097995505457,6438.923465096466,1.0,0.0,1.0,3.0,0.0,1.0,178.0
195,0.1071253158717232,6552.408622167555,0.0,2.0,0.0,4.0,0.0,0.0,982.0
196,0.5047448397049656,10673.883427337812,0.0,1.0,0.0,2.0,0.0,0.0,998.0
197,0.2960829716626042,8675.871267246546,0.0,1.0,0.0,5.0,0.0,2.0,462.0
198,0.5403013955154292,13599.714294506415,0.0,1.0,0.0,3.0,2.0,2.0,868.0
199,0.3480114426679487,11315.018193616032,1.0,0.0,1.0,0.0,1.0,1.0,802.0
200,0.4389622359577838,8346.170048210179,1.0,1.0,1.0,2.0,2.0,1.0,597.0
201,0.2090026165028112,12058.979188942789,0.0,0.0,1.0,3.0,0.0,1.0,543.0
202,0.169219010815751,9139.82923227852,1.0,1.0,1.0,2.0,0.0,0.0,689.0
203,0.1649838435535993,4375.56824413648,1.0,1.0,0.0,1.0,0.0,2.0,893.0
204,0.2599843348342774,12372.105200749622,0.0,2.0,0.0,1.0,1.0,0.0,470.0
205,0.2003899188908385,6027.714397622487,1.0,2.0,0.0,0.0,2.0,2.0,764.0
206,0.108549899847965,11665.042576826318,1.0,1.0,0.0,3.0,2.0,1.0,724.0
207,0.3589883007929868,8265.870973654657,1.0,0.0,0.0,0.0,2.0,1.0,624.0
208,0.2994967622899205,10588.176948538456,0.0,1.0,0.0,2.0,0.0,1.0,331.0
209,0.4945957501035369,4046.1779097774943,0.0,0.0,0.0,2.0,2.0,2.0,238.0
210,0.5710284666830856,9889.050212907488,0.0,1.0,0.0,3.0,1.0,0.0,325.0
211,0.4493190803610885,6185.872066310896,0.0,0.0,1.0,4.0,0.0,1.0,864.0
212,0.3521076386588073,11234.682493626597,1.0,0.0,0.0,1.0,2.0,1.0,712.0
213,0.3212057470235945,5107.559483876385,1.0,2.0,1.0,4.0,2.0,2.0,720.0
214,0.087203123019041,10774.879118755714,0.0,1.0,1.0,2.0,1.0,1.0,907.0
215,0.5742067098351717,9508.539677581906,1.0,1.0,0.0,2.0,1.0,2.0,143.0
216,0.499424715830537,9080.33818061834,0.0,1.0,1.0,3.0,0.0,1.0,247.0
217,0.1917477451325437,8391.18871169199,1.0,0.0,1.0,1.0,2.0,1.0,385.0
218,0.0285535621593338,12730.324345429184,0.0,0.0,0.0,0.0,0.0,2.0,343.0
219,0.2481065496839165,5072.008988747668,0.0,1.0,1.0,5.0,2.0,0.0,754.0
220,0.2303253290832213,13502.07699601087,1.0,0.0,1.0,2.0,0.0,0.0,192.0
221,0.1908518786388032,4971.306380425001,1.0,0.0,0.0,5.0,1.0,2.0,674.0
222,0.4799289117872901,9265.578787794951,0.0,0.0,0.0,0.0,1.0,2.0,960.0
223,0.0731702442899363,6050.228912812177,0.0,0.0,1.0,2.0,0.0,0.0,405.0
224,0.2874696728107888,4652.151459213471,1.0,1.0,1.0,2.0,2.0,2.0,21.0
225,0.2567328525555869,8419.272520253931,0.0,2.0,0.0,4.0,1.0,1.0,285.0
226,0.4737667276651373,7392.732260025677,1.0,2.0,0.0,0.0,1.0,0.0,742.0
227,0.4862170334443759,7083.417397979459,1.0,1.0,0.0,4.0,0.0,1.0,458.0
228,0.259761405265596,4803.259204335076,0.0,1.0,0.0,5.0,2.0,1.0,302.0
229,0.0601445176753251,6396.39448596172,0.0,2.0,0.0,0.0,2.0,2.0,124.0
230,0.575203701993353,5983.495328665698,1.0,2.0,0.0,4.0,2.0,1.0,661.0
231,0.551123617374548,4619.206656203154,1.0,0.0,1.0,0.0,0.0,1.0,713.0
232,0.3207744172652018,7621.551299429249,0.0,0.0,1.0,0.0,0.0,1.0,637.0
233,0.3593523405677485,6484.914873651376,0.0,0.0,0.0,3.0,0.0,2.0,409.0
234,0.4199192276503177,6381.0924965540025,1.0,2.0,1.0,5.0,1.0,1.0,291.0
235,0.4183351277417531,12662.36282868321,1.0,2.0,0.0,2.0,0.0,0.0,314.0
236,0.4713015827876301,8365.914073215135,1.0,0.0,0.0,3.0,2.0,0.0,752.0
237,0.5259682481852284,10333.323585724716,0.0,1.0,1.0,5.0,2.0,1.0,120.0
238,0.0591363360638541,5158.188435575583,1.0,0.0,1.0,4.0,2.0,0.0,551.0
239,0.5674441582737805,11190.269595052334,1.0,1.0,1.0,1.0,2.0,0.0,193.0
240,0.2921426977654306,7249.887497283782,1.0,2.0,0.0,0.0,2.0,1.0,87.0
241,0.4042133523551877,12684.371536698538,0.0,1.0,1.0,1.0,0.0,2.0,463.0
242,0.0515669568126415,6021.621539726941,1.0,0.0,0.0,2.0,0.0,2.0,381.0
243,0.2694684462212763,11311.506180515473,0.0,1.0,0.0,5.0,2.0,1.0,855.0
244,0.5490040014111969,5176.251411405681,1.0,0.0,0.0,3.0,2.0,2.0,151.0
245,0.2039547427184425,8954.270510210175,0.0,1.0,0.0,0.0,2.0,1.0,665.0
246,0.4262932737660733,9622.196655257114,1.0,1.0,0.0,0.0,0.0,2.0,790.0
247,0.0610603176015138,12464.126879089064,0.0,0.0,1.0,4.0,0.0,0.0,659.0
248,0.221811484466133,7233.891748785863,1.0,0.0,1.0,2.0,0.0,1.0,242.0
249,0.2928326894507065,8843.238192947078,1.0,1.0,1.0,5.0,1.0,0.0,235.0
250,0.1218291214261096,10963.067702476426,0.0,1.0,1.0,1.0,0.0,2.0,107.0
251,0.205915773025564,5231.786931088264,0.0,2.0,1.0,5.0,1.0,0.0,601.0
252,0.5548403504526797,10418.917279543644,0.0,2.0,0.0,1.0,1.0,2.0,911.0
253,0.2952557666806273,10158.00172109711,1.0,2.0,1.0,4.0,1.0,1.0,888.0
254,0.248873852727337,11963.580495634007,1.0,2.0,0.0,5.0,1.0,2.0,728.0
255,0.5213214415550723,9692.435427488896,1.0,0.0,1.0,0.0,1.0,0.0,964.0
256,0.4785912765737504,5744.258350603249,1.0,2.0,1.0,0.0,0.0,2.0,210.0
257,0.590415124544573,9847.0830838293,1.0,0.0,1.0,1.0,0.0,0.0,216.0
258,0.0187806000188219,4351.151219128143,0.0,0.0,0.0,4.0,2.0,0.0,337.0
259,0.1093571127430011,11133.216695600944,0.0,2.0,0.0,4.0,1.0,0.0,163.0
260,0.0859439125561125,4765.8724725047205,1.0,2.0,0.0,4.0,0.0,2.0,498.0
261,0.3538700194902791,11427.517083371666,1.0,0.0,0.0,3.0,0.0,2.0,3.0
262,0.3462306962662944,7263.809054452675,1.0,1.0,1.0,1.0,1.0,1.0,251.0
263,0.5733366130127509,13078.23262286166,0.0,0.0,0.0,3.0,0.0,2.0,95.0
264,0.2632800370403796,11610.87591009147,1.0,0.0,1.0,1.0,0.0,2.0,938.0
265,0.3688228575429744,11402.138399473824,1.0,2.0,1.0,2.0,2.0,2.0,226.0
266,0.4157464488533487,12164.563902304806,1.0,0.0,0.0,4.0,2.0,1.0,771.0
267,0.4575795804562393,5451.152274757978,0.0,0.0,0.0,0.0,1.0,1.0,664.0
268,0.0430246729298074,4785.450313068549,0.0,2.0,0.0,1.0,2.0,2.0,559.0
269,0.0761672141156575,6146.632963120184,0.0,1.0,1.0,2.0,0.0,0.0,382.0
270,0.2856085561386816,5129.166650364672,0.0,0.0,1.0,5.0,1.0,2.0,380.0
271,0.0735204383794813,4234.796106375783,1.0,0.0,1.0,0.0,1.0,0.0,110.0
272,0.489007614407943,11151.14310840064,1.0,1.0,0.0,4.0,1.0,1.0,214.0
273,0.1136452856140061,9516.047707949452,0.0,2.0,1.0,3.0,1.0,2.0,489.0
274,0.2137030071151119,10148.652147477747,0.0,1.0,1.0,5.0,2.0,2.0,217.0
275,0.4401104867682285,9249.885453954828,1.0,1.0,1.0,3.0,1.0,0.0,899.0
276,0.3561167089073506,10287.99938758048,0.0,0.0,0.0,1.0,2.0,0.0,133.0
277,0.3475821836211837,12538.491612107107,0.0,0.0,1.0,2.0,0.0,1.0,357.0
278,0.3838625755070939,11095.346860713713,1.0,1.0,1.0,1.0,2.0,1.0,457.0
279,0.3323839485687206,9179.937457154072,1.0,0.0,1.0,5.0,2.0,2.0,819.0
280,0.5217942278675811,8106.503586489063,1.0,0.0,0.0,4.0,0.0,0.0,549.0
281,0.316081196813271,8136.697098757226,1.0,1.0,1.0,0.0,2.0,2.0,558.0
282,0.2511292003093005,5635.328426992591,0.0,0.0,0.0,1.0,1.0,2.0,845.0
283,0.4723777013233191,4863.570856380837,1.0,1.0,1.0,0.0,0.0,0.0,252.0
284,0.0658023319518592,10871.328266654067,0.0,0.0,0.0,4.0,0.0,1.0,248.0
285,0.2800562587544287,8782.732539679062,0.0,0.0,1.0,5.0,0.0,0.0,97.0
286,0.02670901378576,6275.169465438148,1.0,0.0,1.0,3.0,0.0,0.0,533.0
287,0.2477235586792325,11129.886375525828,1.0,1.0,0.0,5.0,0.0,0.0,181.0
288,0.0415586157950899,8565.39140297908,1.0,0.0,1.0,1.0,1.0,2.0,643.0
289,0.4922259037218812,10373.785994095924,0.0,1.0,0.0,3.0,1.0,1.0,933.0
290,0.0826957822890659,6064.82536266741,0.0,1.0,1.0,0.0,2.0,2.0,477.0
291,0.1874723491833776,11368.802274906491,1.0,0.0,1.0,2.0,1.0,1.0,474.0
292,0.3432090258407458,5014.176221831642,0.0,0.0,0.0,4.0,1.0,1.0,416.0
293,0.0456771449414852,5754.314825814759,0.0,1.0,0.0,3.0,2.0,1.0,699.0
294,0.5721102214091109,9738.783907865942,1.0,0.0,1.0,5.0,0.0,0.0,177.0
295,0.2246865747457139,8815.320208461311,1.0,2.0,1.0,4.0,2.0,1.0,388.0
296,0.2387072798268059,6323.923367323882,0.0,1.0,0.0,3.0,2.0,2.0,450.0
297,0.373690108809167,9407.056155691986,0.0,1.0,1.0,0.0,1.0,2.0,82.0
298,0.1002986627216457,10348.159946152588,1.0,0.0,0.0,1.0,2.0,1.0,704.0
299,0.5995891838063508,12861.49944109178,1.0,1.0,0.0,0.0,0.0,1.0,244.0
300,0.192987882242108,8456.716702607402,0.0,0.0,0.0,2.0,2.0,1.0,109.0
301,0.304638768966203,8909.318126962018,1.0,2.0,1.0,1.0,1.0,2.0,227.0
302,0.0324572175974031,6986.544908753425,0.0,2.0,1.0,0.0,2.0,1.0,330.0
303,0.36342177414055,7581.650968965765,0.0,2.0,1.0,5.0,0.0,0.0,277.0
304,0.0197000399163817,7346.807319596161,1.0,0.0,0.0,0.0,2.0,0.0,535.0
305,0.1059608284270998,7951.760518567601,0.0,1.0,0.0,1.0,2.0,0.0,693.0
306,0.2814579420691776,13178.890147354836,1.0,2.0,1.0,3.0,2.0,0.0,823.0
307,0.1979747558107301,11930.883455990124,1.0,2.0,0.0,0.0,2.0,2.0,487.0
308,0.5019992951376521,8720.941094883186,1.0,2.0,1.0,5.0,1.0,2.0,125.0
309,0.2712461347338608,9858.639939537685,0.0,1.0,0.0,1.0,1.0,0.0,14.0
310,0.101932549110655,4847.56879787744,0.0,0.0,0.0,4.0,2.0,0.0,753.0
311,0.5028599784700222,4453.372537945245,0.0,1.0,0.0,2.0,2.0,1.0,400.0
312,0.1454377903685277,7667.10379753197,0.0,2.0,0.0,3.0,2.0,2.0,684.0
313,0.1755392653680973,6949.975774559154,1.0,1.0,1.0,3.0,2.0,0.0,196.0
314,0.0630429648376146,4608.71927126045,1.0,0.0,0.0,4.0,1.0,2.0,687.0
315,0.3059104424294594,5914.533808492013,0.0,0.0,1.0,1.0,2.0,0.0,515.0
316,0.1623228079974089,4522.283003771258,1.0,1.0,0.0,4.0,2.0,2.0,887.0
317,0.5459481852377026,7696.445350936816,0.0,2.0,1.0,0.0,0.0,0.0,778.0
318,0.4425953847154486,5426.207974188614,1.0,2.0,1.0,4.0,2.0,0.0,351.0
319,0.4233114291304857,5335.664339344905,1.0,2.0,1.0,4.0,1.0,0.0,245.0
320,0.086223670576858,9701.61155282241,0.0,0.0,0.0,2.0,0.0,1.0,446.0
321,0.2825870039610132,12394.210422352411,1.0,0.0,0.0,4.0,0.0,0.0,765.0
322,0.5520983913338015,6083.455672594008,1.0,2.0,1.0,5.0,2.0,1.0,150.0
323,0.162744942459542,9985.119689450408,1.0,1.0,1.0,1.0,0.0,0.0,756.0
324,0.4017896070316321,9963.482040142835,1.0,1.0,0.0,0.0,0.0,0.0,984.0
325,0.1699381528328767,12439.769227650071,1.0,0.0,0.0,1.0,1.0,2.0,930.0
326,0.118229484524805,7227.632931187925,0.0,0.0,1.0,5.0,1.0,2.0,849.0
327,0.4247718100061579,13332.749897172784,1.0,1.0,1.0,1.0,1.0,2.0,390.0
328,0.1024180516671631,13208.594713975106,1.0,1.0,1.0,3.0,1.0,1.0,51.0
329,0.0571210618112081,6767.934502303202,1.0,0.0,0.0,1.0,1.0,1.0,875.0
330,0.2024916578384229,5669.679581620871,0.0,0.0,1.0,1.0,0.0,0.0,231.0
331,0.1438509903371362,8477.517546588526,1.0,2.0,0.0,2.0,2.0,1.0,478.0
332,0.0498422550582423,7733.525271579254,1.0,1.0,0.0,0.0,2.0,2.0,610.0
333,0.4119793354911909,4756.826893519448,1.0,2.0,1.0,4.0,2.0,0.0,994.0
334,0.3653116694066004,6689.914507232905,1.0,2.0,0.0,2.0,2.0,2.0,830.0
335,0.4620128533223009,13633.502425022289,1.0,2.0,1.0,4.0,2.0,0.0,271.0
336,0.0484974668914701,7644.6945163654655,0.0,0.0,0.0,5.0,1.0,2.0,791.0
337,0.227311206377383,11502.806382695897,1.0,2.0,0.0,4.0,0.0,2.0,660.0
338,0.1681647921930378,12376.53044484755,1.0,1.0,0.0,2.0,2.0,2.0,702.0
339,0.4489646692223362,5396.336811096539,0.0,0.0,0.0,0.0,1.0,2.0,261.0
340,0.1267881637925673,6918.031857267055,1.0,2.0,1.0,0.0,0.0,2.0,479.0
341,0.2658911597680847,8194.938390571064,1.0,1.0,1.0,2.0,2.0,0.0,83.0
342,0.3282597703862888,9713.75403700148,1.0,2.0,1.0,3.0,1.0,2.0,616.0
343,0.0665353314062068,11103.245993894585,1.0,0.0,0.0,3.0,1.0,2.0,332.0
344,0.5121518777471812,7754.183449645408,1.0,1.0,0.0,5.0,0.0,0.0,81.0
345,0.0232731969440566,12002.437562646037,1.0,1.0,0.0,1.0,1.0,2.0,959.0
346,0.2152343569622064,5550.98320214396,1.0,2.0,0.0,5.0,1.0,0.0,985.0
347,0.2679306025585851,11951.905002854975,1.0,0.0,0.0,1.0,2.0,0.0,901.0
348,0.2056487473982936,6934.571174500348,0.0,2.0,1.0,0.0,0.0,0.0,910.0
349,0.5907354213284859,12804.037381010216,1.0,2.0,1.0,2.0,0.0,0.0,176.0
350,0.2493981927413708,4947.3950020098655,0.0,0.0,1.0,5.0,2.0,0.0,370.0
351,0.4977350202274688,4976.068181479141,1.0,0.0,0.0,0.0,0.0,0.0,902.0
352,0.1902008676258267,4792.069950554655,0.0,1.0,1.0,2.0,1.0,1.0,593.0
353,0.1067522105955183,5034.785664305058,1.0,2.0,0.0,4.0,0.0,0.0,768.0
354,0.3977035091506442,8897.183334355399,0.0,0.0,1.0,1.0,1.0,0.0,863.0
355,0.1941050241703157,12260.717271389794,1.0,2.0,1.0,4.0,1.0,1.0,696.0
356,0.5452285558504528,4497.8260391782605,0.0,1.0,1.0,0.0,1.0,0.0,792.0
357,0.2231535127020758,6159.7069097158,0.0,1.0,1.0,5.0,1.0,1.0,155.0
358,0.2426591087843556,5371.133405479804,0.0,1.0,1.0,2.0,0.0,2.0,667.0
359,0.0526238147166449,11878.476737110732,1.0,2.0,0.0,1.0,2.0,2.0,421.0
360,0.2121394227235152,7766.223857436098,1.0,1.0,0.0,2.0,2.0,0.0,554.0
361,0.5679024988760426,10505.689990017792,0.0,2.0,1.0,5.0,1.0,1.0,64.0
362,0.2006014913861532,4436.038199655285,1.0,0.0,1.0,4.0,1.0,2.0,675.0
363,0.4548831822520321,7130.787277922225,1.0,2.0,1.0,1.0,2.0,2.0,746.0
364,0.583565789796977,4265.4144789554775,0.0,0.0,0.0,4.0,1.0,0.0,430.0
365,0.5183980107261014,9354.949035500158,0.0,1.0,1.0,3.0,0.0,2.0,757.0
366,0.0289790295280621,4201.786100865819,0.0,2.0,0.0,4.0,1.0,2.0,922.0
367,0.35094475605229,7367.938488402731,1.0,2.0,1.0,4.0,2.0,0.0,844.0
368,0.2066793587547568,10046.108592949502,1.0,0.0,1.0,1.0,2.0,0.0,384.0
369,0.130990194810843,4750.476583088001,1.0,1.0,1.0,3.0,2.0,0.0,935.0
370,0.5140636434377328,10306.28121663396,1.0,0.0,1.0,2.0,2.0,2.0,249.0
371,0.385474601957547,7677.021688350373,1.0,2.0,0.0,2.0,1.0,2.0,338.0
372,0.4566406619438937,6409.145871841548,0.0,2.0,1.0,0.0,1.0,1.0,223.0
373,0.1167038354364475,12036.672809955937,0.0,0.0,1.0,4.0,0.0,2.0,578.0
374,0.0014634593889982,4776.710162948486,0.0,2.0,1.0,2.0,0.0,1.0,666.0
375,0.0552075957735272,7932.448664638499,0.0,2.0,1.0,2.0,0.0,2.0,587.0
376,0.5970237335664504,6218.089727862831,0.0,0.0,1.0,4.0,1.0,2.0,40.0
377,0.1597176477291143,6344.987187072527,0.0,0.0,1.0,0.0,2.0,0.0,991.0
378,0.1835790901955562,12088.036924089662,1.0,0.0,0.0,1.0,1.0,1.0,816.0
379,0.0535371641024588,10987.32939878823,1.0,0.0,0.0,4.0,0.0,2.0,167.0
380,0.1282426119550513,7692.134438091525,1.0,2.0,1.0,2.0,2.0,0.0,33.0
381,0.1516422796125585,12175.346130523709,1.0,2.0,1.0,1.0,1.0,2.0,706.0
382,0.0726939803896317,8018.115435210906,0.0,1.0,1.0,1.0,0.0,2.0,173.0
383,0.0101310830718042,11720.922518944357,0.0,2.0,1.0,2.0,2.0,0.0,371.0
384,0.5985355225759237,9635.72801802026,1.0,1.0,1.0,3.0,2.0,2.0,93.0
385,0.3099956152490864,11025.8241479235,1.0,1.0,0.0,3.0,2.0,1.0,413.0
386,0.0070874979184086,8687.49624450517,1.0,1.0,1.0,2.0,1.0,1.0,142.0
387,0.5147813002602084,5859.717930042719,0.0,0.0,1.0,2.0,0.0,0.0,569.0
388,0.1473054058276238,4831.304966697378,0.0,2.0,1.0,5.0,0.0,0.0,233.0
389,0.0385552536714988,8119.065567134115,1.0,1.0,1.0,0.0,0.0,0.0,488.0
390,0.5961559917297328,10267.26848945624,1.0,2.0,1.0,5.0,1.0,2.0,17.0
391,0.0328363232004428,9807.561896271773,0.0,2.0,0.0,5.0,0.0,1.0,411.0
392,0.0247998913220205,7137.803876706643,1.0,0.0,1.0,4.0,1.0,2.0,574.0
393,0.1996635210980925,4409.8554850748205,1.0,2.0,0.0,1.0,2.0,1.0,131.0
394,0.3030654449187889,4184.850628035886,1.0,0.0,0.0,4.0,0.0,0.0,898.0
395,0.4367840588624376,8642.128298915608,1.0,0.0,0.0,1.0,1.0,2.0,257.0
396,0.5246063560131774,5348.076789516481,1.0,1.0,1.0,0.0,0.0,2.0,946.0
397,0.3731368069791664,4592.008141541216,0.0,0.0,0.0,2.0,2.0,1.0,795.0
398,0.246092064689634,7408.712984318512,0.0,2.0,1.0,4.0,0.0,1.0,835.0
399,0.5369297516788725,13460.784413044144,0.0,1.0,1.0,3.0,1.0,2.0,144.0
400,0.0877229184409168,6884.287616645173,0.0,1.0,1.0,3.0,2.0,0.0,882.0
401,0.2613758510289846,12324.142097042484,1.0,0.0,1.0,5.0,0.0,2.0,486.0
402,0.3500855882297914,13052.992543149956,0.0,1.0,0.0,4.0,1.0,2.0,647.0
403,0.5884159987573601,11995.302900366958,0.0,2.0,1.0,1.0,2.0,1.0,820.0
404,0.274203271260422,10036.20804279638,0.0,2.0,0.0,5.0,1.0,1.0,859.0
405,0.5629093542683687,7379.414363047055,1.0,0.0,1.0,0.0,1.0,1.0,633.0
406,0.166932840517466,4125.645269302629,0.0,2.0,0.0,2.0,0.0,0.0,58.0
407,0.3424897948957048,7302.10119287723,1.0,2.0,1.0,4.0,0.0,0.0,894.0
408,0.1420340640827869,10411.625615116964,0.0,2.0,0.0,4.0,0.0,2.0,318.0
409,0.4664822721680675,11979.747013942782,1.0,2.0,0.0,1.0,2.0,2.0,135.0
410,0.5565321678891033,8828.068391216766,1.0,1.0,1.0,5.0,2.0,2.0,394.0
411,0.3988891418208767,5869.543797677279,1.0,1.0,0.0,1.0,0.0,1.0,71.0
412,0.279065709096971,10893.65031069226,0.0,0.0,1.0,5.0,1.0,2.0,369.0
413,0.4700985500558378,12737.300050188607,1.0,1.0,0.0,4.0,1.0,2.0,532.0
414,0.4884215928650147,4902.108012732115,0.0,0.0,1.0,0.0,1.0,0.0,692.0
415,0.165138086743268,12979.630647532576,1.0,1.0,1.0,4.0,2.0,1.0,188.0
416,0.4629851133575622,9541.613582590488,0.0,0.0,0.0,0.0,2.0,2.0,279.0
417,0.0318790932217052,11792.422386160888,0.0,2.0,0.0,0.0,0.0,2.0,472.0
418,0.1990629493671546,5825.481504753902,0.0,2.0,0.0,5.0,0.0,0.0,276.0
419,0.3453337423614122,12115.574890691893,1.0,1.0,0.0,2.0,1.0,0.0,810.0
420,0.4332539312986186,6615.493056700717,0.0,0.0,1.0,5.0,0.0,2.0,307.0
421,0.4794310427512389,8223.81868659545,1.0,2.0,1.0,4.0,2.0,1.0,545.0
422,0.1519653855246882,10837.993189540884,0.0,2.0,1.0,3.0,1.0,0.0,698.0
423,0.5809603023382506,9774.969156447309,0.0,1.0,1.0,2.0,2.0,1.0,401.0
424,0.3577298174810914,13113.44165037446,0.0,1.0,1.0,2.0,1.0,2.0,508.0
425,0.5991733841372534,11438.19444629858,0.0,0.0,0.0,1.0,1.0,1.0,805.0
426,0.1562191631968063,6464.429510606842,1.0,0.0,1.0,2.0,2.0,0.0,432.0
427,0.466047926767823,5702.090940485975,1.0,0.0,0.0,2.0,2.0,1.0,870.0
428,0.5432172106094788,11335.630099553538,0.0,2.0,1.0,1.0,0.0,1.0,555.0
429,0.1057857082079231,12450.188804499368,1.0,1.0,1.0,4.0,1.0,0.0,670.0
430,0.5914063072569998,5909.564890957935,1.0,1.0,0.0,5.0,2.0,1.0,66.0
431,0.5057285881402356,7990.6174837257695,1.0,1.0,0.0,3.0,1.0,2.0,428.0
432,0.1254528781637426,7520.669070614443,1.0,1.0,0.0,5.0,2.0,1.0,858.0
433,0.2541344704023887,9415.50864347477,1.0,0.0,0.0,5.0,0.0,1.0,906.0
434,0.124153096617172,9010.163995186333,1.0,0.0,1.0,2.0,2.0,1.0,896.0
435,0.2145837909663529,6847.655510220264,0.0,2.0,1.0,0.0,0.0,2.0,958.0
436,0.2900171759361097,4936.41653051682,0.0,2.0,0.0,5.0,0.0,2.0,254.0
437,0.01207461192526,10610.8279419293,0.0,0.0,1.0,3.0,0.0,0.0,807.0
438,0.4517111484091712,7211.510285136424,0.0,2.0,1.0,0.0,1.0,1.0,100.0
439,0.5000286055371169,4566.009955591797,0.0,0.0,1.0,3.0,2.0,0.0,853.0
440,0.2184596384199973,7554.352782299747,1.0,2.0,1.0,3.0,1.0,0.0,605.0
441,0.443668737758004,13548.139891898623,0.0,2.0,0.0,1.0,1.0,2.0,710.0
442,0.5616123191046887,9190.421579451224,0.0,1.0,1.0,0.0,2.0,1.0,262.0
443,0.3536608841489824,9387.565888177,0.0,1.0,0.0,1.0,1.0,1.0,393.0
444,0.1720089655129988,12653.37575071998,1.0,0.0,1.0,0.0,1.0,2.0,424.0
445,0.525585331957084,8843.94432765228,1.0,1.0,0.0,5.0,2.0,1.0,575.0
446,0.4802234111168088,10299.035117809395,0.0,2.0,0.0,5.0,2.0,1.0,119.0
447,0.0461358379525111,9913.28189801508,1.0,2.0,1.0,4.0,1.0,2.0,869.0
448,0.0338331562101743,11091.32700287134,0.0,1.0,0.0,1.0,1.0,2.0,349.0
449,0.4528833554739962,7780.672519325434,1.0,2.0,0.0,5.0,2.0,1.0,680.0
450,0.1715011140046871,10975.592656515511,1.0,1.0,1.0,1.0,2.0,2.0,59.0
451,0.0671637515621576,7973.426718023018,1.0,2.0,0.0,3.0,2.0,0.0,344.0
452,0.0771767708948672,4466.909395378805,1.0,0.0,1.0,0.0,2.0,2.0,711.0
453,0.5561239840890269,10855.233674815348,0.0,2.0,1.0,0.0,1.0,0.0,165.0
454,0.0996812346824751,9794.4323157063,0.0,0.0,0.0,1.0,0.0,2.0,395.0
455,0.5049646775154263,6129.879997447869,1.0,2.0,1.0,3.0,1.0,1.0,683.0
456,0.2585926871825735,8670.024560040953,1.0,1.0,0.0,5.0,0.0,2.0,454.0
457,0.305011098659196,11917.429034614142,0.0,2.0,0.0,2.0,2.0,1.0,189.0
458,0.1661052227034467,10883.17356410291,0.0,0.0,1.0,1.0,2.0,2.0,608.0
459,0.4526421416360848,9299.423043220551,1.0,2.0,0.0,0.0,0.0,1.0,586.0
460,0.542383715672869,7983.023867856842,1.0,1.0,0.0,5.0,0.0,1.0,655.0
461,0.5303946475001257,5280.592517939332,0.0,1.0,1.0,2.0,2.0,1.0,232.0
462,0.294464554883234,8354.872553349063,1.0,0.0,1.0,4.0,0.0,0.0,642.0
463,0.37557681986551,8979.069816175237,1.0,1.0,1.0,2.0,1.0,0.0,777.0
464,0.5656288454003019,11944.332924799022,1.0,1.0,1.0,1.0,2.0,1.0,159.0
465,0.3813938047896369,4008.4853200045177,1.0,1.0,1.0,0.0,2.0,1.0,889.0
466,0.3151941779990601,12399.195210571695,1.0,0.0,0.0,1.0,0.0,2.0,202.0
467,0.0418318046970224,6866.958993271526,1.0,2.0,0.0,5.0,0.0,0.0,497.0
468,0.3248613565622646,9678.89679383444,0.0,2.0,1.0,3.0,2.0,0.0,977.0
469,0.5006765177962534,10567.843735854933,0.0,0.0,1.0,5.0,0.0,1.0,305.0
470,0.1724328932304805,11481.435369081632,1.0,1.0,1.0,1.0,1.0,0.0,111.0
471,0.4304827598525612,9436.776828219156,1.0,0.0,1.0,5.0,1.0,1.0,491.0
472,0.1221940555543123,4518.852043603672,1.0,1.0,0.0,0.0,0.0,1.0,884.0
473,0.0922867213064938,11700.32900789518,0.0,2.0,1.0,3.0,0.0,2.0,449.0
474,0.1856944617858273,6802.974758669212,1.0,0.0,1.0,0.0,1.0,1.0,480.0
475,0.1963186127977061,6367.171398146782,1.0,1.0,1.0,3.0,0.0,0.0,685.0
476,0.2803595997634543,12298.8936925665,1.0,2.0,1.0,2.0,0.0,0.0,172.0
477,0.4873254472699546,10822.46273237485,0.0,1.0,1.0,2.0,0.0,1.0,205.0
478,0.2784731231913875,9129.077784391946,0.0,2.0,0.0,1.0,1.0,1.0,519.0
479,0.5444979601656957,8139.852015615234,0.0,0.0,0.0,2.0,0.0,1.0,476.0
480,0.1668762150931195,8762.579595217738,0.0,2.0,0.0,0.0,2.0,0.0,708.0
481,0.5396065690768682,8124.154338545512,0.0,2.0,1.0,5.0,0.0,2.0,611.0
482,0.2832608956663616,12873.387526149383,0.0,0.0,1.0,5.0,2.0,1.0,263.0
483,0.1005022807722448,7219.926175280669,1.0,2.0,1.0,3.0,0.0,2.0,436.0
484,0.3726488481001345,5727.191219615415,0.0,2.0,1.0,2.0,2.0,2.0,957.0
485,0.2867833865765324,9320.480297764758,1.0,2.0,1.0,0.0,0.0,0.0,503.0
486,0.0957800864349329,12811.845374181616,0.0,2.0,0.0,3.0,0.0,1.0,786.0
487,0.4945166116962222,11865.03952252813,0.0,1.0,1.0,5.0,1.0,1.0,222.0
488,0.5096053395261512,13326.1034790549,0.0,0.0,0.0,0.0,2.0,2.0,118.0
489,0.4766087944188596,4032.806926552857,1.0,2.0,1.0,4.0,1.0,2.0,179.0
490,0.3364633684707771,9560.566809310214,1.0,1.0,1.0,4.0,2.0,0.0,928.0
491,0.5503399654965873,5047.094624107055,1.0,2.0,0.0,1.0,0.0,1.0,282.0
492,0.5822474325695747,5994.089620174451,1.0,2.0,1.0,3.0,1.0,1.0,402.0
493,0.1973057699062916,6357.324229606741,0.0,1.0,1.0,1.0,0.0,2.0,391.0
494,0.0350582749278924,5408.267288548433,0.0,0.0,0.0,2.0,0.0,1.0,502.0
495,0.2070906980528606,11697.906600904673,1.0,2.0,1.0,2.0,0.0,1.0,916.0
496,0.3631085980622339,5116.829796098427,1.0,2.0,1.0,4.0,2.0,2.0,289.0
497,0.2126440107493987,12243.493078730537,0.0,2.0,0.0,1.0,0.0,2.0,813.0
498,0.4287273493344418,4231.391766083393,1.0,0.0,0.0,2.0,0.0,0.0,694.0
499,0.1391336159118456,13489.483917004309,0.0,0.0,0.0,4.0,1.0,0.0,367.0
500,0.3220574695357759,7833.730528119901,0.0,2.0,0.0,1.0,0.0,0.0,68.0
501,0.0106531752380205,8429.01213917676,1.0,1.0,0.0,4.0,1.0,0.0,766.0
502,0.234352193106487,6176.591164892956,0.0,1.0,0.0,3.0,2.0,1.0,646.0
503,0.0489920781414824,7191.668026229399,1.0,1.0,0.0,4.0,2.0,0.0,528.0
504,0.1047876862065981,13095.71201931009,1.0,0.0,0.0,3.0,1.0,1.0,880.0
505,0.132252417382519,11113.176822000709,0.0,2.0,0.0,4.0,1.0,0.0,965.0
506,0.3192298740500927,13024.766257688849,0.0,1.0,1.0,2.0,2.0,0.0,170.0
507,0.3947886583667005,7428.555141514787,1.0,2.0,0.0,0.0,0.0,2.0,287.0
508,0.1680239620629259,8260.026050192111,0.0,0.0,0.0,2.0,0.0,2.0,485.0
509,0.2175126653406803,7549.667312057769,0.0,1.0,1.0,5.0,2.0,1.0,363.0
510,0.1841491591556456,13267.558813037129,0.0,2.0,1.0,4.0,1.0,2.0,185.0
511,0.1275344901064709,9193.985229177952,0.0,0.0,1.0,3.0,0.0,2.0,439.0
512,0.0987363681661234,9658.090698156364,1.0,2.0,1.0,0.0,1.0,0.0,280.0
513,0.3068965154800764,12187.817900252005,1.0,2.0,0.0,3.0,0.0,0.0,607.0
514,0.11566622129905,4093.3164057946105,1.0,2.0,0.0,5.0,0.0,0.0,146.0
515,0.3230908276595417,7466.924989956534,1.0,2.0,1.0,4.0,0.0,0.0,854.0
516,0.5438127356398743,9526.019545032865,0.0,2.0,0.0,4.0,0.0,1.0,358.0
517,0.2084880602578826,8330.146449596235,1.0,2.0,0.0,1.0,1.0,0.0,556.0
518,0.367174140278937,8865.228696833492,0.0,1.0,0.0,1.0,2.0,0.0,327.0
519,0.0425337914637239,7748.060322470372,1.0,1.0,0.0,4.0,1.0,2.0,525.0
520,0.1098569934359532,8304.119614579944,0.0,0.0,0.0,1.0,0.0,2.0,268.0
521,0.1695805529267079,6192.496805661486,0.0,0.0,0.0,2.0,0.0,2.0,141.0
522,0.4988015030375848,4334.504033470031,1.0,2.0,0.0,3.0,1.0,2.0,240.0
523,0.5374246343795074,4735.320442668484,1.0,1.0,1.0,4.0,2.0,2.0,203.0
524,0.4506026969224007,9380.562277004528,1.0,2.0,1.0,5.0,0.0,0.0,644.0
525,0.4205918125236882,4388.543657362166,1.0,0.0,1.0,3.0,0.0,2.0,739.0
526,0.2278329278189766,8198.189117264228,0.0,2.0,0.0,5.0,2.0,2.0,126.0
527,0.3544745929381597,7406.068598996388,1.0,2.0,0.0,4.0,1.0,1.0,469.0
528,0.3925376448009903,4103.366767321899,0.0,2.0,0.0,5.0,1.0,1.0,883.0
529,0.4231424195965617,8057.931897326369,0.0,1.0,0.0,2.0,2.0,2.0,15.0
530,0.4293274228008351,10687.728257526824,1.0,1.0,1.0,0.0,1.0,2.0,952.0
531,0.2394595246527002,12333.789859077087,1.0,0.0,0.0,2.0,2.0,0.0,112.0
532,0.3899207203098794,8770.341823978051,1.0,2.0,1.0,5.0,1.0,2.0,368.0
533,0.226249124770524,9104.013765442396,1.0,2.0,1.0,0.0,0.0,1.0,444.0
534,0.0133868747010676,6388.642306106261,0.0,0.0,1.0,1.0,2.0,0.0,821.0
535,0.2992526543003745,11887.080971532716,0.0,0.0,0.0,5.0,1.0,1.0,622.0
536,0.0087376057924114,12420.371340473495,1.0,1.0,0.0,4.0,0.0,1.0,253.0
537,0.5295411062160308,13163.854137925066,1.0,0.0,0.0,2.0,0.0,1.0,862.0
538,0.0204963088037749,12457.2396419124,1.0,1.0,1.0,0.0,2.0,1.0,355.0
539,0.3341046700431987,7789.058292459238,0.0,1.0,1.0,4.0,2.0,2.0,152.0
540,0.5583985916303826,7940.796158338109,1.0,1.0,0.0,1.0,1.0,1.0,36.0
541,0.5938466732621172,5292.653225582453,0.0,0.0,1.0,2.0,2.0,0.0,811.0
542,0.4458676063422157,11186.025852436684,0.0,0.0,1.0,0.0,2.0,0.0,542.0
543,0.2635528153423278,11718.855399126587,1.0,2.0,1.0,2.0,2.0,2.0,873.0
544,0.355131984650618,9850.849423913936,1.0,0.0,1.0,1.0,0.0,0.0,953.0
545,0.2645129340614098,11936.956288813864,1.0,1.0,0.0,5.0,2.0,2.0,715.0
546,0.0468960905114976,9108.12247456837,0.0,2.0,1.0,4.0,0.0,2.0,839.0
547,0.4965187094707614,5251.954317591049,1.0,2.0,1.0,4.0,0.0,2.0,297.0
548,0.4657167807355457,6459.87879456257,0.0,2.0,1.0,4.0,2.0,1.0,507.0
549,0.3611678649354861,7147.421865926447,0.0,1.0,0.0,4.0,2.0,0.0,737.0
550,0.112864016001019,5413.658035055631,0.0,1.0,0.0,2.0,0.0,2.0,350.0
551,0.0847468158836805,10274.06354370081,0.0,0.0,0.0,4.0,0.0,2.0,827.0
552,0.4857898090731061,10685.106561105924,1.0,0.0,0.0,4.0,0.0,1.0,626.0
553,0.2646281096561449,4070.461821895583,0.0,2.0,0.0,0.0,0.0,0.0,758.0
554,0.0647871764724588,11808.194665723096,0.0,1.0,1.0,3.0,1.0,0.0,540.0
555,0.2556102570599808,10485.637552513934,1.0,0.0,1.0,5.0,2.0,1.0,90.0
556,0.3083273454440533,12912.78789975243,1.0,2.0,1.0,3.0,1.0,0.0,37.0
557,0.335085497939858,10055.330369775207,1.0,0.0,1.0,2.0,2.0,1.0,80.0
558,0.4312638398758912,11839.285869662215,0.0,2.0,1.0,0.0,0.0,2.0,579.0
559,0.0879722149873996,4082.6640691982207,1.0,2.0,1.0,5.0,0.0,0.0,286.0
560,0.4600539339978781,7852.120567589604,1.0,1.0,0.0,2.0,1.0,2.0,54.0
561,0.0503977514722574,12568.307005592256,1.0,1.0,1.0,3.0,1.0,1.0,493.0
562,0.4962679236623609,6611.904332076106,1.0,1.0,0.0,4.0,1.0,1.0,219.0
563,0.1620802701914433,6974.585514142838,0.0,2.0,1.0,1.0,0.0,0.0,239.0
564,0.0810681343476917,6168.669940924072,1.0,1.0,1.0,4.0,1.0,0.0,70.0
565,0.2049537207535596,5558.4241320678,1.0,0.0,0.0,0.0,1.0,1.0,582.0
566,0.4684294221943531,10261.600203689895,0.0,0.0,0.0,5.0,2.0,2.0,966.0
567,0.2336834241891174,6655.46442179181,1.0,0.0,1.0,2.0,1.0,1.0,993.0
568,0.0941319177561118,5682.201483580559,0.0,1.0,1.0,1.0,1.0,0.0,256.0
569,0.3382906654581534,9932.557490006577,0.0,2.0,0.0,2.0,2.0,2.0,236.0
570,0.1363557870914025,8046.567868808996,1.0,1.0,0.0,0.0,2.0,2.0,34.0
571,0.4758645915009725,6252.902939744048,0.0,0.0,0.0,3.0,2.0,0.0,619.0
572,0.1287910638592406,8515.294242708873,1.0,1.0,1.0,2.0,0.0,0.0,943.0
573,0.1744955277806068,10541.732766118805,1.0,2.0,0.0,1.0,2.0,2.0,67.0
574,0.219887249743159,8213.360701381343,0.0,1.0,0.0,1.0,1.0,1.0,585.0
575,0.0509549211097265,7122.098005643401,0.0,1.0,0.0,3.0,2.0,0.0,784.0
576,0.1579410149764636,10068.26413682862,0.0,2.0,0.0,4.0,2.0,0.0,234.0
577,0.029440202640191,7037.006402245283,0.0,2.0,1.0,1.0,1.0,2.0,567.0
578,0.4210154319809689,6811.627349890321,1.0,2.0,1.0,2.0,0.0,2.0,826.0
579,0.1739019841815239,4162.193970083412,1.0,0.0,1.0,3.0,0.0,0.0,166.0
580,0.487801534771549,11569.360019927706,0.0,0.0,0.0,0.0,2.0,0.0,298.0
581,0.4420737677596063,10393.43987890859,0.0,2.0,1.0,0.0,0.0,2.0,762.0
582,0.3794445966654862,11297.60873674889,1.0,2.0,0.0,1.0,1.0,1.0,377.0
583,0.2909150824559779,10204.612604325828,0.0,1.0,1.0,3.0,1.0,0.0,691.0
584,0.4370938506482923,11221.440413127606,1.0,1.0,0.0,2.0,0.0,1.0,225.0
585,0.2157453328236137,6479.2225133428055,0.0,1.0,0.0,0.0,0.0,2.0,62.0
586,0.1035883371393632,4921.588768440781,1.0,0.0,0.0,0.0,1.0,2.0,27.0
587,0.201826860358269,10863.280287297604,1.0,1.0,1.0,0.0,1.0,2.0,328.0
588,0.5625391193175252,6258.62881280251,0.0,2.0,1.0,0.0,1.0,0.0,266.0
589,0.2809206964287708,5468.33467323436,0.0,0.0,1.0,5.0,1.0,2.0,441.0
590,0.3290193000392616,10130.488624920888,0.0,0.0,0.0,1.0,1.0,1.0,517.0
591,0.2766315008837015,11492.05794860031,0.0,2.0,0.0,1.0,0.0,2.0,604.0
592,0.2881557846205459,4501.9453354047,0.0,0.0,1.0,5.0,0.0,1.0,321.0
593,0.3036586977959273,12287.815984588013,0.0,0.0,0.0,0.0,1.0,0.0,779.0
594,0.3412583503721433,5210.574087328965,1.0,2.0,1.0,5.0,1.0,0.0,632.0
595,0.1452701754346169,12706.338014861678,1.0,1.0,0.0,3.0,0.0,1.0,553.0
596,0.2968413916542555,12108.666306133087,1.0,2.0,0.0,4.0,2.0,2.0,876.0
597,0.4541327028024848,9331.409384726598,0.0,0.0,1.0,4.0,0.0,2.0,103.0
598,0.2984890029618195,6639.803963875378,0.0,1.0,0.0,0.0,2.0,0.0,445.0
599,0.1204997308147862,8533.211066263008,1.0,2.0,1.0,4.0,1.0,1.0,316.0
600,0.2738684406208918,11822.00861541422,1.0,1.0,1.0,4.0,1.0,0.0,718.0
601,0.4127944574818126,11068.187483341584,1.0,2.0,0.0,2.0,1.0,0.0,793.0
602,0.0273377082179164,12296.1374801345,0.0,0.0,0.0,4.0,1.0,1.0,162.0
603,0.2845014265928928,6679.079179556493,1.0,2.0,1.0,1.0,0.0,1.0,347.0
604,0.0935245378258663,5663.245639649247,1.0,0.0,1.0,0.0,1.0,0.0,157.0
605,0.4185686615168253,8090.458634876931,0.0,0.0,0.0,5.0,0.0,0.0,425.0
606,0.1427627159406568,13312.225866750245,0.0,0.0,0.0,4.0,1.0,1.0,354.0
607,0.527196355022452,10184.820228691771,0.0,1.0,1.0,1.0,2.0,2.0,360.0
608,0.3004817587762445,12613.088625166663,1.0,0.0,1.0,0.0,2.0,1.0,269.0
609,0.4326242553471928,4478.163613022128,1.0,0.0,0.0,5.0,0.0,0.0,183.0
610,0.0620288389606356,8960.33620700652,0.0,0.0,1.0,2.0,2.0,1.0,750.0
611,0.0230117175880766,9875.647894622056,0.0,2.0,1.0,4.0,2.0,0.0,386.0
612,0.4973356503995841,5940.237859211069,0.0,0.0,1.0,4.0,1.0,0.0,962.0
613,0.1399192202771366,11542.124622290514,1.0,1.0,1.0,4.0,1.0,1.0,69.0
614,0.2096587374597258,5439.8426796348695,0.0,2.0,1.0,4.0,2.0,1.0,806.0
615,0.3783310775064213,13567.436983576625,0.0,2.0,0.0,5.0,1.0,1.0,294.0
616,0.1460945108067557,4573.651724854939,0.0,1.0,0.0,1.0,0.0,1.0,137.0
617,0.1357464074913333,4169.225415608078,1.0,0.0,1.0,5.0,1.0,1.0,308.0
618,0.3937326818959822,6725.160370356586,0.0,2.0,1.0,4.0,0.0,1.0,709.0
619,0.564125519731632,12235.308776879552,1.0,1.0,0.0,5.0,2.0,1.0,707.0
620,0.562128956251061,13123.407262222656,0.0,2.0,1.0,3.0,0.0,1.0,158.0
621,0.1821313038125208,7043.611165730281,0.0,0.0,0.0,0.0,2.0,0.0,496.0
622,0.5889528917637498,6526.323554210589,1.0,0.0,1.0,5.0,0.0,2.0,968.0
623,0.0558720952481715,6998.685418380504,0.0,1.0,0.0,1.0,1.0,2.0,79.0
624,0.1780274740946565,11645.697203087266,0.0,0.0,0.0,1.0,1.0,2.0,639.0
625,0.0650931689622568,7254.266212568207,0.0,1.0,1.0,4.0,2.0,1.0,434.0
626,0.1843203263088015,6203.350826784097,0.0,0.0,0.0,0.0,2.0,2.0,426.0
627,0.0722024168658671,13082.827984765096,1.0,2.0,0.0,1.0,0.0,0.0,44.0
628,0.2624986571964348,13150.12650125311,0.0,0.0,1.0,3.0,0.0,0.0,732.0
629,0.3981684214225727,10096.47363598819,0.0,2.0,0.0,1.0,0.0,2.0,200.0
630,0.2674385778643517,6301.323750429311,0.0,1.0,0.0,1.0,1.0,1.0,973.0
631,0.5575590289180057,8600.962970844259,0.0,1.0,0.0,5.0,1.0,0.0,246.0
632,0.1161442996598827,11627.024341976175,1.0,0.0,1.0,1.0,0.0,1.0,600.0
633,0.4690451582164371,10451.804080579786,0.0,2.0,1.0,1.0,1.0,2.0,541.0
634,0.5077904367787407,5380.074204577437,0.0,1.0,1.0,3.0,2.0,1.0,767.0
635,0.3568400658771978,6445.525788784964,1.0,2.0,0.0,5.0,2.0,0.0,10.0
636,0.1442213735635877,12082.711339335963,1.0,2.0,1.0,3.0,0.0,0.0,481.0
637,0.2913213038556739,13298.77413700232,0.0,0.0,1.0,2.0,0.0,0.0,590.0
638,0.411552164663436,10545.681661355413,0.0,2.0,1.0,3.0,1.0,1.0,427.0
639,0.247090901371937,8698.656214189654,1.0,2.0,1.0,3.0,1.0,2.0,522.0
640,0.5520082220230965,6633.70806426282,0.0,0.0,0.0,5.0,1.0,1.0,272.0
641,0.4341791703800312,9018.02170577129,0.0,1.0,1.0,4.0,0.0,0.0,147.0
642,0.0251214488196189,4116.503421128715,0.0,0.0,1.0,1.0,1.0,2.0,781.0
643,0.4533491815654952,4892.907861058974,0.0,2.0,1.0,2.0,1.0,2.0,634.0
644,0.5788663514258056,6539.227956463106,1.0,1.0,1.0,1.0,1.0,1.0,453.0
645,0.4557236264521477,6896.778041511268,0.0,1.0,1.0,4.0,1.0,2.0,459.0
646,0.2044905962462398,10715.532866410513,0.0,2.0,1.0,4.0,0.0,2.0,846.0
647,0.5817560170116765,13559.90747639349,1.0,0.0,0.0,3.0,1.0,0.0,324.0
648,0.1367069625887539,9088.270630723571,1.0,2.0,1.0,1.0,2.0,0.0,65.0
649,0.5852035243952564,10166.501989113976,1.0,1.0,1.0,0.0,0.0,0.0,123.0
650,0.4069215121861266,8560.83791820439,1.0,0.0,0.0,2.0,1.0,0.0,475.0
651,0.2581217634182173,9613.077265932365,0.0,0.0,0.0,3.0,0.0,0.0,583.0
652,0.3715129140960876,8605.23912200386,0.0,0.0,0.0,1.0,1.0,1.0,392.0
653,0.0390704607091977,11048.974602113418,1.0,0.0,0.0,4.0,2.0,2.0,620.0
654,0.074752371798719,6336.680949412446,0.0,1.0,1.0,1.0,1.0,1.0,182.0
655,0.3705924282085875,13539.586820178094,0.0,2.0,0.0,1.0,0.0,2.0,789.0
656,0.006377098223976,4821.227914836793,1.0,0.0,0.0,2.0,1.0,2.0,834.0
657,0.2111816664504616,9069.143181570686,1.0,0.0,0.0,4.0,1.0,0.0,716.0
658,0.3274663333741689,9581.681566331845,1.0,0.0,1.0,1.0,0.0,2.0,437.0
659,0.5348894201915021,10386.397569268416,1.0,1.0,0.0,4.0,2.0,2.0,237.0
660,0.0683727461560003,4987.691702802989,1.0,2.0,0.0,0.0,0.0,0.0,850.0
661,0.0209838075283996,9598.582909470628,1.0,2.0,0.0,3.0,2.0,2.0,672.0
662,0.4764001177777654,11323.658254778446,0.0,1.0,0.0,4.0,1.0,2.0,780.0
663,0.4146760685558579,10796.875887710034,1.0,1.0,0.0,4.0,2.0,0.0,603.0
664,0.5135613237067141,7450.973813918847,0.0,0.0,1.0,5.0,0.0,2.0,769.0
665,0.5107461681124044,13388.49972636389,1.0,2.0,1.0,1.0,0.0,0.0,417.0
666,0.5747192514183446,7439.8208812564335,1.0,2.0,1.0,1.0,0.0,1.0,731.0
667,0.245460912882541,12157.94077812554,1.0,1.0,0.0,1.0,2.0,2.0,890.0
668,0.3180697583529379,8789.75342703809,1.0,1.0,0.0,2.0,0.0,0.0,995.0
669,0.3128407914203963,11858.793775522496,0.0,2.0,1.0,0.0,1.0,1.0,92.0
670,0.4078944567554234,7994.944954381964,1.0,1.0,0.0,2.0,1.0,2.0,113.0
671,0.2367882125141975,12553.350284740693,0.0,0.0,0.0,5.0,0.0,0.0,523.0
672,0.0548840841362117,8996.281225176686,0.0,0.0,0.0,0.0,2.0,1.0,748.0
673,0.237041122422479,4210.874060539371,1.0,0.0,0.0,5.0,1.0,2.0,408.0
674,0.261921578937985,7869.767607039072,1.0,1.0,1.0,2.0,1.0,2.0,738.0
675,0.108111146118097,8475.351958414325,0.0,2.0,0.0,5.0,0.0,1.0,514.0
676,0.2684290758481927,10004.928480728411,1.0,0.0,1.0,2.0,0.0,1.0,24.0
677,0.3603685194915172,7902.802700135939,1.0,1.0,0.0,0.0,0.0,1.0,490.0
678,0.0221506474545941,12427.69595897725,1.0,1.0,1.0,1.0,2.0,2.0,94.0
679,0.2854282413574808,10900.330440916288,1.0,2.0,1.0,1.0,0.0,0.0,89.0
680,0.4819694123174847,13438.145070491895,1.0,2.0,0.0,4.0,1.0,0.0,243.0
681,0.4027054034260377,13577.37285985158,1.0,0.0,1.0,1.0,1.0,1.0,376.0
682,0.5497848605908192,6924.297849473522,0.0,1.0,0.0,4.0,1.0,0.0,292.0
683,0.3402067252603348,6277.177275062493,0.0,1.0,0.0,1.0,2.0,2.0,531.0
684,0.0927154634132865,10607.32587508469,0.0,2.0,0.0,5.0,1.0,0.0,881.0
685,0.2778481171685212,9446.759297079652,0.0,1.0,0.0,0.0,1.0,0.0,856.0
686,0.1568176928064653,9461.331518064051,0.0,0.0,1.0,0.0,1.0,0.0,171.0
687,0.1493700007869588,11079.026319512172,1.0,0.0,0.0,5.0,1.0,1.0,803.0
688,0.4830392561297613,9532.308106375018,0.0,0.0,0.0,1.0,1.0,2.0,199.0
689,0.529240919412828,12216.241279773958,0.0,2.0,1.0,2.0,2.0,1.0,352.0
690,0.5685041452524436,11476.95883535768,1.0,1.0,1.0,2.0,0.0,1.0,939.0
691,0.1226193058190459,13305.115527509524,0.0,1.0,0.0,3.0,1.0,0.0,85.0
692,0.182568004810309,11215.07796182856,0.0,2.0,0.0,5.0,1.0,2.0,467.0
693,0.286578405670061,4715.256257731934,1.0,2.0,1.0,2.0,1.0,0.0,885.0
694,0.503618338552918,9478.746585668712,0.0,1.0,1.0,1.0,0.0,2.0,145.0
695,0.5954545983646067,6669.519165842108,1.0,1.0,1.0,0.0,2.0,0.0,917.0
696,0.446668181349014,13344.854135617796,0.0,1.0,1.0,5.0,1.0,1.0,682.0
697,0.0352395294171537,13197.871739060602,0.0,1.0,1.0,3.0,1.0,2.0,892.0
698,0.5923130497856894,11441.435490065229,0.0,1.0,0.0,3.0,0.0,0.0,511.0
699,0.4637677279185958,9269.04138860054,0.0,0.0,1.0,3.0,0.0,0.0,963.0
700,0.0973471935456439,10483.56702572343,0.0,0.0,0.0,4.0,2.0,1.0,180.0
701,0.503258541594751,6709.006235881959,1.0,0.0,1.0,3.0,1.0,1.0,920.0
702,0.0584484826415342,10226.796294112824,0.0,1.0,1.0,0.0,1.0,0.0,13.0
703,0.4281944264680921,5786.334553747378,0.0,0.0,1.0,4.0,2.0,0.0,9.0
704,0.3644340425377623,12489.791092811643,1.0,2.0,0.0,5.0,2.0,1.0,743.0
705,0.5717278582203098,6759.518420167648,0.0,0.0,1.0,1.0,2.0,2.0,760.0
706,0.3775538835257176,6733.156232697803,0.0,0.0,1.0,1.0,1.0,1.0,825.0
707,0.5410484112409647,5580.7973326378815,1.0,0.0,1.0,2.0,1.0,2.0,309.0
708,0.0145096639659943,10630.11087968868,0.0,0.0,0.0,3.0,2.0,2.0,322.0
709,0.2015887455176446,12951.19117730421,1.0,2.0,0.0,3.0,0.0,1.0,501.0
710,0.2750677249432896,10365.968744945643,0.0,0.0,1.0,1.0,2.0,2.0,20.0
711,0.3005838684868303,10741.792565721036,0.0,0.0,0.0,2.0,2.0,1.0,140.0
712,0.1114145876690656,11575.667237145995,0.0,2.0,0.0,5.0,2.0,2.0,184.0
713,0.5286895582092607,8457.941407651997,1.0,0.0,1.0,5.0,2.0,2.0,942.0
714,0.5688526108102474,8732.500493548192,0.0,2.0,1.0,0.0,1.0,1.0,589.0
715,0.4914878856451607,5768.896473804297,0.0,2.0,1.0,0.0,1.0,1.0,741.0
716,0.5600506770594982,8315.137435618053,0.0,1.0,0.0,5.0,1.0,2.0,678.0
717,0.310624910799178,4342.000887444603,1.0,1.0,0.0,1.0,2.0,0.0,640.0
718,0.141637840874552,11018.608893128569,0.0,0.0,0.0,1.0,1.0,1.0,996.0
719,0.3502732317923493,4148.947806463818,1.0,2.0,0.0,1.0,0.0,0.0,992.0
720,0.3155069672219605,12128.269295797369,1.0,0.0,1.0,4.0,0.0,2.0,312.0
721,0.5650377047441509,9667.30321990557,0.0,0.0,1.0,1.0,0.0,2.0,230.0
722,0.3353497425954397,6856.33643207037,0.0,0.0,0.0,3.0,1.0,0.0,495.0
723,0.4352899420953499,11765.28269872496,0.0,2.0,1.0,0.0,2.0,0.0,255.0
724,0.0311020031889493,8075.630479898098,1.0,2.0,1.0,2.0,1.0,1.0,323.0
725,0.3141202286247168,6787.869282968684,1.0,2.0,0.0,1.0,2.0,1.0,399.0
726,0.3766748049749475,10531.215904909932,0.0,1.0,0.0,3.0,2.0,0.0,288.0
727,0.5196605121402867,4711.661701616457,1.0,2.0,0.0,0.0,0.0,2.0,197.0
728,0.0140995053373421,7201.102163090876,0.0,1.0,0.0,0.0,0.0,2.0,438.0
729,0.3866259729934201,13249.1119195211,0.0,0.0,0.0,1.0,1.0,1.0,383.0
730,0.537906147694268,8092.714604750314,0.0,1.0,1.0,4.0,2.0,1.0,570.0
731,0.3915291948897343,5461.412190176907,1.0,0.0,0.0,1.0,0.0,1.0,822.0
732,0.464738017161883,13173.30516556495,0.0,0.0,0.0,2.0,0.0,2.0,464.0
733,0.5072204441755839,10699.935270253389,0.0,2.0,0.0,5.0,0.0,1.0,19.0
734,0.2306569906938634,5758.74770302724,1.0,2.0,0.0,0.0,0.0,1.0,695.0
735,0.1504643021791552,4585.104730953765,0.0,1.0,0.0,4.0,0.0,2.0,815.0
736,0.5700806428564921,4550.487664544333,0.0,0.0,0.0,2.0,0.0,0.0,0.0
737,0.2753937420800113,12996.074453773355,0.0,0.0,1.0,0.0,1.0,2.0,588.0
738,0.2665350939340645,9758.321264352224,1.0,2.0,1.0,0.0,1.0,1.0,814.0
739,0.4931366899199464,7830.051531950805,1.0,0.0,0.0,5.0,2.0,1.0,842.0
740,0.5801891935819069,9210.92987413477,0.0,2.0,0.0,0.0,2.0,1.0,204.0
741,0.4107751632535494,12983.33569461585,0.0,0.0,1.0,1.0,1.0,2.0,978.0
742,0.0706858258716841,12053.470605463324,0.0,0.0,0.0,3.0,0.0,2.0,744.0
743,0.4030854270151946,4679.797590303547,0.0,0.0,1.0,5.0,1.0,1.0,72.0
744,0.1948867662430495,7820.915163566176,0.0,0.0,1.0,3.0,1.0,0.0,909.0
745,0.3585128313116129,4142.6737198817145,0.0,0.0,1.0,3.0,0.0,2.0,267.0
746,0.4096293502653414,10813.885001333429,0.0,1.0,0.0,4.0,1.0,1.0,186.0
747,0.1328364311959287,5543.478581299586,1.0,2.0,1.0,4.0,0.0,0.0,857.0
748,0.4694478966107635,5326.110026569794,0.0,1.0,1.0,0.0,0.0,2.0,571.0
749,0.3469393943898143,9731.12330082748,1.0,1.0,0.0,5.0,0.0,2.0,156.0
750,0.4550472506729628,5143.441794359365,0.0,0.0,0.0,5.0,0.0,2.0,774.0
751,0.3329699557937164,8876.848093781697,0.0,0.0,1.0,1.0,2.0,0.0,48.0
752,0.1786859368259442,12198.61529884427,0.0,0.0,0.0,3.0,1.0,2.0,736.0
753,0.4808029973625453,5484.686098073849,0.0,1.0,1.0,3.0,2.0,0.0,609.0
754,0.1871318660847157,12841.95440677078,0.0,1.0,1.0,1.0,1.0,1.0,537.0
755,0.2294301190252828,11388.653271805915,1.0,2.0,0.0,5.0,1.0,1.0,12.0
756,0.0984402645103011,6097.001103053155,0.0,1.0,1.0,0.0,1.0,2.0,749.0
757,0.5670429697228798,9122.120830998836,0.0,0.0,1.0,2.0,1.0,0.0,636.0
758,0.0023413259980514,9878.481125635428,0.0,0.0,1.0,3.0,1.0,1.0,440.0
759,0.3627030512235883,6845.073067279047,1.0,0.0,0.0,2.0,1.0,0.0,379.0
760,0.2114208864933082,11688.067888641572,1.0,2.0,0.0,1.0,2.0,2.0,28.0
761,0.1176572129481235,9296.13464507594,1.0,1.0,1.0,1.0,2.0,1.0,154.0
762,0.0587202092537984,10473.749227887156,1.0,1.0,1.0,0.0,1.0,0.0,366.0
763,0.2243535799248868,5882.789270114065,1.0,0.0,1.0,5.0,0.0,2.0,836.0
764,0.0893931163996231,5974.0388362959,0.0,1.0,1.0,5.0,1.0,1.0,948.0
765,0.5764207147450581,8411.12486508665,1.0,1.0,0.0,0.0,1.0,2.0,278.0
766,0.1933970325480472,4114.549458692,1.0,0.0,0.0,5.0,0.0,2.0,122.0
767,0.1043279014868967,9044.917566523018,0.0,2.0,1.0,2.0,0.0,2.0,116.0
768,0.0767981975334384,13044.639507518772,0.0,1.0,0.0,3.0,1.0,2.0,905.0
769,0.0113548772017763,7279.708823918887,0.0,0.0,1.0,1.0,2.0,0.0,5.0
770,0.5793118175224281,5121.575940240396,0.0,2.0,0.0,2.0,1.0,1.0,42.0
771,0.391905445718167,8634.71810706034,1.0,1.0,0.0,5.0,1.0,0.0,999.0
772,0.2440828275726676,11596.58168875406,0.0,0.0,0.0,5.0,1.0,0.0,260.0
773,0.3358653310687229,6313.95961003311,0.0,0.0,0.0,5.0,2.0,2.0,398.0
774,0.1184846099596919,9497.529558126118,1.0,1.0,1.0,2.0,0.0,1.0,451.0
775,0.1880157137412165,8814.295427285484,1.0,1.0,0.0,1.0,1.0,1.0,690.0
776,0.0128730848446924,8912.747830714963,0.0,0.0,1.0,5.0,0.0,1.0,259.0
777,0.57270465005914,7488.3424781827,1.0,1.0,1.0,5.0,2.0,1.0,550.0
778,0.289601408775579,11261.743019106834,0.0,1.0,1.0,2.0,2.0,2.0,443.0
779,0.2133011661864526,11534.95420799094,0.0,2.0,0.0,3.0,2.0,2.0,584.0
780,0.3528858424001016,8658.57391306522,1.0,0.0,1.0,3.0,1.0,2.0,311.0
781,0.417127924764416,8035.3866970229155,1.0,2.0,0.0,5.0,0.0,1.0,740.0
782,0.5178855651944632,10403.320170738258,1.0,0.0,0.0,4.0,2.0,2.0,908.0
783,0.3698259483795971,7462.786889243605,1.0,1.0,1.0,3.0,2.0,0.0,23.0
784,0.0912039336410735,8703.825870796223,0.0,0.0,1.0,2.0,0.0,0.0,979.0
785,0.3683020758482428,9467.364670090044,0.0,1.0,1.0,4.0,0.0,1.0,442.0
786,0.5894299865689777,8888.122989980428,1.0,2.0,1.0,5.0,1.0,1.0,529.0
787,0.433543399267416,4429.04686141197,1.0,2.0,1.0,3.0,2.0,0.0,61.0
788,0.233086979048602,6566.817897251076,1.0,0.0,1.0,3.0,2.0,0.0,831.0
789,0.2236027006602178,11734.21844750724,0.0,0.0,1.0,2.0,0.0,0.0,837.0
790,0.5844942129096357,10733.104752019974,0.0,2.0,0.0,2.0,0.0,0.0,950.0
791,0.2253530468432002,13193.042496422411,0.0,2.0,1.0,5.0,1.0,0.0,213.0
792,0.3873916017400665,12345.685469886168,0.0,2.0,1.0,0.0,2.0,0.0,918.0
793,0.5830311040945031,4258.668641458611,0.0,1.0,1.0,5.0,0.0,1.0,773.0
794,0.5464578842796496,12588.009953018163,0.0,0.0,0.0,2.0,2.0,2.0,250.0
795,0.189592517402009,12833.664516144969,0.0,0.0,0.0,3.0,0.0,1.0,817.0
796,0.4852756183566923,5782.270022290051,1.0,2.0,1.0,0.0,2.0,2.0,770.0
797,0.0367092016695391,10721.623991656958,0.0,2.0,1.0,0.0,1.0,2.0,976.0
798,0.3078995982798401,10124.138338611538,0.0,0.0,0.0,2.0,2.0,0.0,572.0
799,0.0217409628756709,7309.626752667607,0.0,0.0,0.0,4.0,0.0,0.0,30.0
800,0.0400324796249506,13372.15961719446,1.0,0.0,0.0,5.0,2.0,0.0,818.0
801,0.3956384815501954,11652.064031298793,1.0,0.0,1.0,3.0,0.0,2.0,389.0
802,0.0607504494603363,9825.415675984985,1.0,1.0,0.0,4.0,0.0,2.0,538.0
803,0.0977563687526427,6584.731621601636,0.0,1.0,0.0,5.0,1.0,1.0,926.0
804,0.4260866129818219,6717.553922288092,1.0,1.0,1.0,3.0,2.0,1.0,635.0
805,0.1374371101234667,13285.471378414184,0.0,2.0,0.0,4.0,1.0,1.0,573.0
806,0.4383068367102813,5203.193124136224,1.0,2.0,0.0,4.0,1.0,0.0,60.0
807,0.4059996597336261,12579.882024439155,1.0,2.0,1.0,5.0,1.0,2.0,16.0
808,0.5874593070436184,9962.417789358651,0.0,2.0,0.0,4.0,2.0,0.0,900.0
809,0.3929268176664044,7798.65133983921,0.0,1.0,0.0,1.0,2.0,1.0,755.0
810,0.4091389979035192,6427.783988072054,1.0,2.0,1.0,3.0,0.0,2.0,997.0
811,0.3024546285165669,11515.62320923186,0.0,2.0,0.0,5.0,2.0,2.0,468.0
812,0.2551292689177102,7105.19806940908,0.0,0.0,0.0,1.0,1.0,0.0,848.0
813,0.329344013887608,8498.732585426857,1.0,1.0,1.0,0.0,1.0,0.0,418.0
814,0.1107640747828165,12203.066631333651,0.0,2.0,1.0,2.0,0.0,2.0,929.0
815,0.3396763225462242,9935.58092007219,1.0,1.0,1.0,4.0,1.0,0.0,851.0
816,0.5536408650536382,12066.946538562112,1.0,0.0,1.0,5.0,1.0,1.0,841.0
817,0.1762354939306494,6037.187299909174,0.0,2.0,1.0,0.0,1.0,0.0,264.0
818,0.458992160937766,13242.911325071069,0.0,0.0,0.0,4.0,0.0,0.0,923.0
819,0.1602116181243471,4302.114351656724,1.0,1.0,0.0,5.0,1.0,1.0,461.0
820,0.2530222226192599,10200.465894901909,0.0,0.0,1.0,3.0,2.0,0.0,653.0
821,0.4461361889760399,12892.049041429394,0.0,1.0,0.0,2.0,2.0,1.0,688.0
822,0.2578496282820195,11006.34820113053,1.0,1.0,1.0,0.0,2.0,1.0,518.0
823,0.4706462635582358,8580.435875145493,0.0,2.0,1.0,4.0,2.0,2.0,596.0
824,0.413259893484153,12634.017676306412,1.0,1.0,0.0,3.0,2.0,1.0,194.0
825,0.3111875732476402,5591.641375796797,1.0,1.0,0.0,3.0,2.0,2.0,983.0
826,0.1534147753935938,8948.144496047795,1.0,1.0,1.0,5.0,2.0,2.0,11.0
827,0.5333442193399894,13629.389965406564,0.0,2.0,0.0,5.0,1.0,1.0,130.0
828,0.119526091610697,9831.05386609882,1.0,1.0,0.0,3.0,1.0,1.0,304.0
829,0.4225101701406368,7712.933700120345,1.0,1.0,0.0,1.0,0.0,2.0,341.0
830,0.0033744310050497,9164.97463794438,1.0,1.0,0.0,3.0,0.0,2.0,804.0
831,0.1889515276665638,5257.24233059138,1.0,2.0,0.0,4.0,2.0,2.0,281.0
832,0.3074093986054841,4545.760071071451,0.0,0.0,1.0,2.0,1.0,1.0,320.0
833,0.5236899981537888,10760.567652847189,1.0,0.0,1.0,3.0,0.0,0.0,423.0
834,0.3567845506023341,4020.061324173623,0.0,0.0,1.0,0.0,1.0,0.0,406.0
835,0.3443004847260502,8249.550934747313,0.0,1.0,1.0,4.0,1.0,1.0,638.0
836,0.1547222069163609,10437.79928734924,0.0,1.0,0.0,0.0,0.0,2.0,615.0
837,0.4822122580974078,6591.859204560144,0.0,0.0,0.0,5.0,0.0,1.0,465.0
838,0.3801873073619756,11678.382857841998,0.0,2.0,1.0,1.0,1.0,0.0,283.0
839,0.5755525196770553,5893.365154867177,1.0,2.0,1.0,2.0,0.0,0.0,187.0
840,0.5482389246514474,10750.963707845109,1.0,2.0,0.0,5.0,0.0,1.0,967.0
841,0.3018926568450068,10792.5113632989,1.0,2.0,1.0,4.0,2.0,2.0,105.0
842,0.0068452850014517,7508.596248624849,0.0,0.0,1.0,1.0,0.0,1.0,751.0
843,0.3187256241262338,6561.4832091170765,0.0,0.0,1.0,2.0,0.0,0.0,494.0
844,0.5013953774507607,10593.42476065941,1.0,1.0,1.0,0.0,0.0,0.0,334.0
845,0.4898064858963348,4056.08525030846,1.0,1.0,0.0,0.0,2.0,1.0,871.0
846,0.4779805824029423,13019.617010964215,0.0,1.0,1.0,3.0,1.0,1.0,378.0
847,0.2980650178875567,4884.908023128028,1.0,0.0,1.0,0.0,0.0,0.0,484.0
848,0.0035169128194994,10848.2319813534,1.0,1.0,0.0,5.0,2.0,2.0,944.0
849,0.1981093667254786,5498.28090884489,0.0,2.0,1.0,3.0,1.0,2.0,160.0
850,0.5663355745617231,6604.813442033217,1.0,1.0,0.0,4.0,2.0,1.0,506.0
851,0.3785052231069244,11781.259739660016,0.0,2.0,1.0,3.0,0.0,2.0,466.0
852,0.4243274341743302,10623.992924908674,1.0,0.0,0.0,5.0,2.0,0.0,800.0
853,0.0675073084436445,11894.967877157018,0.0,2.0,0.0,1.0,1.0,0.0,879.0
854,0.4435643172875405,4813.0165015341,1.0,1.0,1.0,3.0,2.0,2.0,415.0
855,0.5206284527231015,6501.685635613889,1.0,1.0,1.0,3.0,1.0,0.0,833.0
856,0.0967906563922236,7011.124262045021,0.0,1.0,1.0,2.0,2.0,2.0,431.0
857,0.3378339680978836,4691.055039691397,1.0,1.0,0.0,4.0,2.0,0.0,783.0
858,0.4163715112563158,9549.236296050864,1.0,2.0,1.0,2.0,2.0,1.0,649.0
859,0.5978501368682173,8341.837544678132,1.0,0.0,1.0,5.0,1.0,0.0,275.0
860,0.5552195480540852,4327.187988777328,1.0,0.0,1.0,2.0,0.0,1.0,4.0
861,0.0167042865543626,8495.320864242552,0.0,2.0,1.0,0.0,1.0,2.0,658.0
862,0.2410978997899154,6489.76162413286,0.0,1.0,1.0,0.0,1.0,2.0,548.0
863,0.325792298982641,4241.71653450573,1.0,1.0,0.0,5.0,2.0,1.0,153.0
864,0.3338962360550218,10643.243314034533,1.0,1.0,1.0,5.0,1.0,0.0,612.0
865,0.0148111157380335,8934.41613657731,0.0,2.0,0.0,2.0,0.0,1.0,872.0
866,0.4608258760061618,9711.795414231572,0.0,2.0,0.0,0.0,2.0,1.0,730.0
867,0.458144696289239,6004.150095259289,1.0,0.0,0.0,5.0,0.0,1.0,628.0
868,0.2609110455604098,10517.010370903434,0.0,1.0,1.0,5.0,2.0,2.0,422.0
869,0.474995949390936,5434.329616144246,0.0,2.0,0.0,4.0,1.0,2.0,115.0
870,0.1557390785563243,8921.533418113435,1.0,2.0,1.0,0.0,0.0,2.0,18.0
871,0.4001835011368502,6648.873078155975,1.0,1.0,0.0,0.0,1.0,2.0,102.0
872,0.3519750541995669,7531.7538048403985,1.0,2.0,0.0,0.0,1.0,0.0,128.0
873,0.5323424158955425,10649.114438326484,1.0,0.0,1.0,5.0,0.0,2.0,471.0
874,0.3973673961450035,9221.82067867391,1.0,1.0,0.0,2.0,0.0,1.0,547.0
875,0.2969857209199771,4275.659505126314,0.0,1.0,1.0,2.0,1.0,2.0,546.0
876,0.29477888580837,5621.53881531244,1.0,2.0,0.0,1.0,2.0,0.0,650.0
877,0.2702405005936539,13509.123036273411,0.0,0.0,0.0,4.0,2.0,2.0,218.0
878,0.4278161752307566,12011.706863836513,1.0,0.0,0.0,3.0,0.0,1.0,169.0
879,0.5967388603329046,7608.827636006199,1.0,2.0,1.0,5.0,0.0,1.0,74.0
880,0.0565695782584155,10234.384745437075,0.0,2.0,1.0,3.0,1.0,0.0,452.0
881,0.388875567882193,9397.143618371829,0.0,1.0,0.0,3.0,2.0,2.0,865.0
882,0.0757661653724625,12223.514734764572,0.0,1.0,0.0,5.0,0.0,2.0,919.0
883,0.0076480864742532,5873.511542546183,0.0,1.0,0.0,0.0,0.0,1.0,878.0
884,0.0542489906699338,9056.82266927452,1.0,1.0,1.0,5.0,0.0,1.0,333.0
885,0.3202225980862155,13414.601878100544,1.0,0.0,1.0,0.0,1.0,2.0,838.0
886,0.3861198196107996,11757.734675817768,0.0,2.0,0.0,0.0,0.0,0.0,52.0
887,0.0623936881302783,10353.242693261927,0.0,0.0,1.0,2.0,2.0,0.0,641.0
888,0.5857983759921805,12497.448614131014,0.0,1.0,0.0,2.0,0.0,2.0,499.0
889,0.2724059627390232,4645.478503444426,1.0,1.0,1.0,3.0,2.0,1.0,356.0
890,0.2711107467368006,10145.085494325638,1.0,0.0,0.0,2.0,2.0,1.0,727.0
891,0.1638933412834666,13421.899493685854,0.0,1.0,0.0,3.0,1.0,1.0,782.0
892,0.1401820925397234,13217.2453996922,0.0,0.0,1.0,3.0,1.0,1.0,46.0
893,0.027372979743138,5852.2458978154045,1.0,0.0,0.0,1.0,2.0,2.0,812.0
894,0.4088791698517793,7566.75891536349,0.0,0.0,0.0,2.0,1.0,2.0,117.0
895,0.3300174234327491,7423.897635933717,0.0,0.0,1.0,1.0,2.0,0.0,76.0
896,0.1551625305827345,11198.305176388025,1.0,1.0,1.0,4.0,2.0,2.0,161.0
897,0.0092991602427613,8277.537379150657,1.0,0.0,0.0,4.0,0.0,1.0,565.0
898,0.0640654338722887,6770.135700674906,1.0,1.0,1.0,5.0,0.0,1.0,617.0
899,0.0446562608761636,13384.85001747982,0.0,2.0,0.0,1.0,1.0,1.0,799.0
900,0.2521760794673608,7530.313718338642,0.0,0.0,0.0,2.0,2.0,0.0,43.0
901,0.4498734914713006,12527.852144522058,1.0,1.0,0.0,0.0,1.0,0.0,88.0
902,0.4626124925982851,8171.194598495589,1.0,0.0,0.0,5.0,1.0,0.0,290.0
903,0.5529571076201082,12275.777113585438,0.0,1.0,0.0,4.0,2.0,0.0,733.0
904,0.4306117417392512,8185.327624416313,1.0,2.0,1.0,2.0,2.0,1.0,38.0
905,0.2723266263724223,7956.848900910101,1.0,2.0,0.0,2.0,0.0,0.0,631.0
906,0.5113125978742858,7651.073412399089,0.0,0.0,1.0,5.0,0.0,2.0,595.0
907,0.2190657487525909,10552.984242566605,1.0,1.0,0.0,0.0,2.0,0.0,990.0
908,0.5782563743945823,7007.602473204988,0.0,1.0,0.0,1.0,2.0,1.0,955.0
909,0.0713027254412565,12505.821291189432,0.0,1.0,0.0,3.0,1.0,0.0,50.0
910,0.3394198891593553,6913.342018957506,0.0,2.0,0.0,0.0,0.0,1.0,353.0
911,0.2518391903155031,11564.796438630012,0.0,1.0,1.0,5.0,2.0,0.0,335.0
912,0.130514106296123,5096.976116232407,1.0,2.0,1.0,4.0,1.0,0.0,164.0
913,0.1710662093695164,13141.50495516488,0.0,0.0,1.0,3.0,2.0,2.0,794.0
914,0.2222201762212747,4404.029570915138,1.0,2.0,1.0,1.0,2.0,0.0,26.0
915,0.4985950081000763,11621.178079419496,1.0,0.0,0.0,1.0,2.0,0.0,676.0
916,0.3833764163625846,8525.169768737307,0.0,0.0,0.0,3.0,2.0,1.0,618.0
917,0.2823436062174239,7183.277855455688,1.0,1.0,0.0,2.0,2.0,0.0,228.0
918,0.5280966949713377,13258.28656394766,0.0,1.0,0.0,2.0,2.0,2.0,904.0
919,0.176685641786407,11343.226355434948,0.0,1.0,0.0,5.0,1.0,1.0,310.0
920,0.2031246559070274,7060.366429779228,0.0,2.0,0.0,1.0,0.0,0.0,284.0
921,0.0053366809736324,5813.359361883628,1.0,2.0,1.0,2.0,0.0,1.0,456.0
922,0.547657705691071,8233.188797631594,0.0,1.0,1.0,0.0,2.0,1.0,473.0
923,0.4482201993333027,11416.74702246456,1.0,1.0,1.0,2.0,2.0,2.0,301.0
924,0.5307058612454593,7593.29012306113,1.0,2.0,0.0,0.0,0.0,0.0,420.0
925,0.0783843412079759,4364.191946709536,0.0,1.0,1.0,0.0,2.0,0.0,317.0
926,0.0341737165062369,9902.777019013694,0.0,0.0,0.0,0.0,0.0,1.0,86.0
927,0.1340907307373315,5958.69999593474,1.0,2.0,0.0,5.0,2.0,2.0,940.0
928,0.30125135675208,5184.91579297282,1.0,2.0,1.0,5.0,1.0,0.0,580.0
929,0.180618011324619,8743.846123067333,1.0,0.0,0.0,2.0,2.0,2.0,729.0
930,0.2496921180602861,7165.218165827249,0.0,0.0,0.0,5.0,1.0,1.0,677.0
931,0.0157703081341343,7724.301819378496,1.0,1.0,1.0,2.0,0.0,0.0,404.0
932,0.0307800399350682,12701.002523352005,0.0,0.0,1.0,2.0,2.0,2.0,961.0
933,0.0692711194020913,5319.833104060662,1.0,2.0,1.0,5.0,1.0,2.0,99.0
934,0.3872839005834257,10978.303594533145,0.0,0.0,1.0,0.0,0.0,0.0,374.0
935,0.2261836543890232,9207.8945625245,1.0,1.0,1.0,3.0,2.0,1.0,221.0
936,0.0302316474108328,12972.57656413805,1.0,1.0,0.0,3.0,0.0,2.0,524.0
937,0.1496501022779933,7113.053653687375,0.0,2.0,1.0,4.0,1.0,1.0,627.0
938,0.4774902959708076,12616.644562069789,0.0,2.0,0.0,3.0,2.0,1.0,336.0
939,0.3423304653244056,10320.50863483872,1.0,2.0,1.0,3.0,1.0,0.0,482.0
940,0.1014934059958818,6133.353636727716,0.0,2.0,0.0,3.0,1.0,0.0,104.0
941,0.074574213622711,10082.140525961497,0.0,0.0,1.0,4.0,0.0,0.0,969.0
942,0.0916535498962292,12674.230346396918,0.0,2.0,0.0,5.0,1.0,0.0,723.0
943,0.2312358113066159,8238.783181622955,1.0,0.0,0.0,1.0,1.0,2.0,970.0
944,0.004770512822782,10428.062936310733,0.0,1.0,0.0,2.0,0.0,2.0,945.0
945,0.2167248179350001,5563.726049669518,1.0,1.0,1.0,0.0,2.0,1.0,824.0
946,0.1257026235779453,12850.759998894891,1.0,0.0,0.0,2.0,1.0,1.0,108.0
947,0.4446342009326395,5526.572294007255,1.0,1.0,1.0,0.0,1.0,2.0,106.0
948,0.3131350325157206,11395.239845725107,1.0,0.0,0.0,4.0,0.0,2.0,306.0
949,0.4645173181206374,7027.044911605754,0.0,0.0,0.0,4.0,0.0,0.0,364.0
950,0.4054837900378032,13407.298933879372,0.0,2.0,0.0,5.0,0.0,0.0,921.0
951,0.1151715921459665,7077.014002056982,1.0,2.0,1.0,1.0,2.0,1.0,971.0
952,0.1272777576984203,5151.743273308722,0.0,0.0,1.0,5.0,0.0,1.0,654.0
953,0.2317109323384397,4634.668049035397,1.0,1.0,1.0,2.0,0.0,1.0,599.0
954,0.1130743151305138,13615.417138289866,0.0,2.0,0.0,0.0,1.0,2.0,988.0
955,0.3995864333659908,12760.205587921257,0.0,2.0,0.0,2.0,2.0,1.0,296.0
956,0.5807776517916692,8032.947134664239,0.0,0.0,0.0,1.0,1.0,1.0,927.0
957,0.2505284010883892,12603.408155825586,1.0,1.0,0.0,2.0,0.0,1.0,313.0
958,0.5771876531810018,4318.359556613079,1.0,2.0,0.0,5.0,0.0,0.0,129.0
959,0.1142987891449276,9788.075329653257,0.0,1.0,1.0,2.0,0.0,0.0,669.0
960,0.5150110229760685,11240.836299958144,0.0,2.0,0.0,1.0,0.0,1.0,776.0
961,0.3808805972879626,8013.6376277870195,1.0,1.0,1.0,3.0,1.0,1.0,648.0
962,0.0698428234150806,11552.361509758495,1.0,1.0,0.0,0.0,2.0,2.0,49.0
963,0.5542223064147178,11003.889709176306,0.0,0.0,1.0,0.0,0.0,1.0,592.0
964,0.4153573135136141,5490.723921606137,1.0,1.0,1.0,3.0,1.0,2.0,903.0
965,0.0398164787809726,13473.528131473808,0.0,1.0,1.0,0.0,1.0,2.0,986.0
966,0.3490845402293926,9311.47493142232,0.0,1.0,1.0,3.0,2.0,2.0,258.0
967,0.1731554077746921,5086.964758076952,1.0,0.0,0.0,1.0,2.0,1.0,75.0
968,0.3824276659657353,13524.4522912329,0.0,1.0,0.0,3.0,2.0,1.0,25.0
969,0.0161033029272716,9278.63178874813,1.0,2.0,1.0,5.0,0.0,1.0,891.0
970,0.5427202938034957,9372.16229226082,1.0,1.0,1.0,0.0,1.0,2.0,361.0
971,0.5384717068827121,6695.921416395781,0.0,0.0,1.0,5.0,1.0,2.0,483.0
972,0.5870990406365407,9977.758516580712,0.0,0.0,0.0,5.0,0.0,1.0,273.0
973,0.1748315834569986,7355.739725334342,0.0,1.0,0.0,0.0,0.0,0.0,55.0
974,0.5598651024157046,12150.10334157664,1.0,0.0,0.0,3.0,0.0,0.0,168.0
975,0.2421188615518706,9345.179077965642,0.0,0.0,1.0,2.0,1.0,1.0,931.0
976,0.0452887580991599,13353.67407517468,1.0,2.0,1.0,5.0,1.0,1.0,101.0
977,0.3056208149238571,11144.381032252755,1.0,0.0,0.0,1.0,2.0,2.0,564.0
978,0.4269280361498181,12787.987121905102,1.0,1.0,0.0,2.0,2.0,1.0,925.0
979,0.2657519385806307,6088.348344035786,1.0,0.0,0.0,4.0,1.0,0.0,843.0
980,0.2430798668608906,9357.437402885742,1.0,1.0,0.0,1.0,2.0,1.0,697.0
981,0.2690560045300775,12882.654456217702,0.0,2.0,1.0,2.0,2.0,1.0,329.0
982,0.0374542452876565,4603.581701864412,0.0,0.0,1.0,2.0,2.0,0.0,761.0
983,0.1378942183925803,12519.438782428597,0.0,1.0,1.0,5.0,2.0,0.0,544.0
984,0.0792044401710353,13280.273797736843,1.0,2.0,1.0,2.0,2.0,2.0,212.0
985,0.3316966031490315,11525.740848551695,1.0,0.0,1.0,1.0,2.0,0.0,114.0
986,0.3662160142015915,8373.012962287768,1.0,0.0,0.0,1.0,2.0,1.0,206.0
987,0.1512716462957561,11060.278886225926,1.0,1.0,0.0,4.0,1.0,2.0,534.0
988,0.5364896368019594,11851.765808770331,0.0,2.0,0.0,1.0,1.0,1.0,7.0
989,0.2547840923246745,9994.631373244809,1.0,0.0,1.0,3.0,1.0,0.0,41.0
990,0.4841099282036445,13360.924201827786,0.0,1.0,0.0,1.0,2.0,0.0,8.0
991,0.3847828358754379,12315.19010415603,0.0,0.0,0.0,4.0,1.0,2.0,98.0
992,0.5355395650610348,10915.112533404266,0.0,2.0,0.0,2.0,2.0,2.0,132.0
993,0.5267361638550709,11827.129789835417,0.0,2.0,0.0,0.0,2.0,1.0,527.0
994,0.3742148181977897,6335.055494142041,1.0,1.0,0.0,0.0,0.0,1.0,303.0
995,0.0380525795979959,5721.190978440317,0.0,1.0,1.0,4.0,0.0,1.0,787.0
996,0.3957822146593692,10022.159949697556,1.0,0.0,1.0,5.0,2.0,2.0,561.0
997,0.2775178194802735,12251.449758741885,0.0,1.0,0.0,2.0,0.0,0.0,566.0
998,0.5129814390919091,4661.922472248199,0.0,1.0,0.0,1.0,0.0,0.0,373.0
999,0.53939176807098,11455.593829483663,1.0,0.0,0.0,0.0,1.0,1.0,520.0
