,sr,miu,irstp_consumption,irstp_damage,Utility 2105,Disutility 2105,Distance to consumption threshold 2105,Population below consumption threshold 2105,Distance to damage threshold 2105,Population above damage threshold 2105,Temperature overshoot 2105
0,0.12522666845938615,2065.0000006173345,0.0010000002371059887,0.009210157208811272,10015.886268239869,19.749995247803614,0.0,0.0,0.30181675544118014,1863.0994681021725,5.0
1,0.11120851371889051,2065.0000015546093,0.001000000451808115,0.003834512913003908,9985.007423824756,19.339985802365916,0.0,0.0,0.2776515186177593,1863.0994681021725,5.0
2,0.21492576458223514,2065.000000749948,0.001000000006243517,0.0016887764843391854,10120.042314176155,22.099841164721923,0.0,0.0,0.4672390758872347,3056.9834025114515,5.0
3,0.17922551154388247,2065.000002841117,0.001000000231060856,0.012257267766751893,10095.32854358531,21.213890355974502,0.0,0.0,0.3992803445775608,1863.0994681021725,5.0
4,0.18416290127376223,2065.0000000068235,0.0010000000000270602,0.0021028630718192476,10099.925204149256,21.339879159306076,0.0,0.0,0.4085190656647937,3056.9834025114515,5.0
5,0.23523062464241307,2065.0000004799685,0.001000000000649926,0.0010857273130354351,10125.921581600938,22.579958790411514,0.0,0.0,0.5070501059447285,3056.9834025114515,5.0
6,0.13828239444852766,2065.0000723097114,0.0010000002121219448,0.0020025833985071696,10040.479334697766,20.119768136358896,0.0,0.0,0.3247595343307177,1863.0994681021725,5.0
7,0.1393660231965965,2065.0000002320066,0.001000000008192327,0.002573989232389961,10042.352539121937,20.149955661183903,0.0,0.0,0.3266812046237819,1863.0994681021725,5.0
8,0.18692818511257672,2065.0000000254995,0.0010000000000529611,0.0022697711717227283,10102.326615516817,21.409932344477443,0.0,0.0,0.41371628853738573,3056.9834025114515,5.0
9,0.10553758002383269,2065.0000000770283,0.001000000023789817,0.004334867157897538,9971.083194909104,19.169995707700362,0.0,0.0,0.2680173930712628,1863.0994681021725,5.0
10,0.12418166764287097,2065.0000029636635,0.0010000024728876236,0.002965817409615505,10013.747635966794,19.719909886747153,0.0,0.0,0.29999843769570544,1863.0994681021725,5.0
11,0.2403956929881332,2065.000014335279,0.0010000000001146954,0.01041476472658625,10126.546956872106,22.699605318233115,0.0,0.0,0.5173062982139924,3056.9834025114515,6.0
12,0.10027464582834555,2065.000049666861,0.0010000000011937214,0.007621125731306354,9957.369219922504,19.009985040180787,0.0,0.0,0.2591518037159366,1863.0994681021725,5.0
13,0.1162809009972485,2065.0000085254856,0.0010000000401199339,0.0017307776235873573,9996.746583250482,19.489979386542,0.0,0.0,0.28633862344860783,1863.0994681021725,5.0
14,0.12038400468558136,2065.000007307048,0.0010000000131203416,0.008664330476488992,10005.767046568062,19.60993945665048,0.0,0.0,0.29341315271090807,1863.0994681021725,5.0
15,0.12661903722249948,2065.0000000010864,0.0010000000001970778,0.001221765497228377,10018.693259031275,19.789965955683304,0.0,0.0,0.3042437074929263,1863.0994681021725,5.0
16,0.10454385472578728,2065.00017508918,0.0010000000104799136,0.0021998594529135506,9968.55311036498,19.139975721746882,0.0,0.0,0.26633987678220283,1863.0994681021725,5.0
17,0.14515258431868489,2065.000037968017,0.0010000000042019231,0.003152702821172995,10051.937433162011,20.30999776346801,0.0,0.0,0.33699541354216,1863.0994681021725,5.0
18,0.12210558415348047,2065.0000082966817,0.0010000000323659459,0.0034841924156229246,10009.428876990798,19.659916813710776,0.0,0.0,0.29639403519658947,1863.0994681021725,5.0
19,0.17789977405268767,2065.0000000441687,0.001000000012379478,0.003682902604241582,10094.02610599171,21.179858590698853,0.0,0.0,0.39680857925386626,1863.0994681021725,5.0
20,0.14551416099242342,2065.0001230666157,0.0010000000061423276,0.006999338983122315,10052.51337248103,20.3199433720452,0.0,0.0,0.33764360863164766,1863.0994681021725,5.0
21,0.12279771960064945,2065.0000000342193,0.0010000002108224938,0.0059867753985399395,10010.880760623808,19.679949840473657,0.0,0.0,0.2975944218769153,1863.0994681021725,5.0
22,0.10886248145305047,2065.0000027861324,0.001000000012444701,0.003359517350836666,9979.351949050495,19.269961711927458,0.0,0.0,0.27365590439950194,1863.0994681021725,5.0
23,0.17286971483045868,2065.000000495697,0.001000000004345934,0.012820785982914038,10088.814578209991,21.049944392872607,0.0,0.0,0.3874652873830149,1863.0994681021725,5.0
24,0.1897066423623876,2065.000000012477,0.00100000000020952,0.0016299104532202036,10104.616654706439,21.47995764378578,0.0,0.0,0.41895468768188593,3056.9834025114515,5.0
25,0.19933312524759628,2065.0000000013406,0.0010000002686757845,0.0012946341683739324,10111.622031628713,21.719844300133598,0.0,0.0,0.4372300699667049,3056.9834025114515,5.0
26,0.15657148875744206,2065.000003653924,0.0010000002248068812,0.005998720743748281,10068.874868754654,20.619985596063632,0.0,0.0,0.35757647075417465,1863.0994681021725,5.0
27,0.14807312304762962,2065.0000059965682,0.0010000000000627337,0.004774923055784155,10056.514436354051,20.389999080273437,0.0,0.0,0.34223026868343487,1863.0994681021725,5.0
28,0.2395407535801107,2065.0000094005095,0.0010000002055812766,0.011929406774588517,10126.466903342742,22.679867563863105,0.0,0.0,0.5156050565911783,3056.9834025114515,6.0
29,0.20872568702369915,2065.000000000364,0.0010000000018382342,0.0032485215666952934,10117.11553069266,21.949970989653036,0.0,0.0,0.4552470821744805,3056.9834025114515,5.0
30,0.17171591903241276,2065.000000328249,0.0010000005985564171,0.011855485885586206,10087.557684609244,21.0199648935449,0.0,0.0,0.38532993169219987,1863.0994681021725,5.0
31,0.12906963017549583,2065.0000010816107,0.0010000000045747776,0.010693026352270154,10023.52409621383,19.859997953571675,0.0,0.0,0.3085267539672454,1863.0994681021725,5.0
32,0.24514904804672846,2065.000001278136,0.0010000002131865086,0.0012762180241266388,10126.821369758834,22.808860068610084,0.0,0.0,0.526789961616853,3056.9834025114515,6.0
33,0.23264605733731586,2065.0000017581874,0.0010000000019109838,0.007672721942447523,10125.478981888937,22.519721776508366,0.0,0.0,0.5019375342593999,3056.9834025114515,5.0
34,0.22626654602843832,2065.0000077831805,0.0010000000011428224,0.0025565528757885633,10124.010111967384,22.36996445708543,0.0,0.0,0.4893741209245106,3056.9834025114515,5.0
35,0.16560151473082135,2065.0002178646623,0.0010000000612383716,0.0020665824430313624,10080.512493663455,20.859980722838063,0.0,0.0,0.3740659760673051,1863.0994681021725,5.0
36,0.18931055367567431,2065.000002563784,0.0010000000681525047,0.011974839342593429,10104.297581722409,21.469997409572628,0.0,0.0,0.41820695131452656,3056.9834025114515,5.0
37,0.11491921395025304,2065.000000218724,0.0010000000123936504,0.00202921187924925,9993.660047155636,19.449898838184474,0.0,0.0,0.2840000713489945,1863.0994681021725,5.0
38,0.13436486377391368,2065.000000001657,0.0010000000097041837,0.012882274072497283,10033.498028871802,20.009967775897344,0.0,0.0,0.31783137427769903,1863.0994681021725,5.0
39,0.10520496510775938,2065.000002535282,0.0010000000052409145,0.003736456453746884,9970.239428982768,19.159948324778306,0.0,0.0,0.26745494051125895,1863.0994681021725,5.0
40,0.18455335072237924,2065.000000018817,0.0010000000001180176,0.002014431110482452,10100.271733863701,21.349792422858663,0.0,0.0,0.40925190556984004,3056.9834025114515,5.0
41,0.13793062783752258,2065.000000075267,0.0010000000000021806,0.0015883545554907694,10039.866227033195,20.10993855641567,0.0,0.0,0.324135081513788,1863.0994681021725,5.0
42,0.16903092115067095,2065.0000000577575,0.0010000001120122704,0.0010042408456992207,10084.545253736991,20.949935630532188,0.0,0.0,0.3803721087622365,1863.0994681021725,5.0
43,0.12176337120814257,2065.0000001335206,0.0010000000101343155,0.005442779025339446,10008.70671295313,19.649997760428064,0.0,0.0,0.2958008129337626,1863.0994681021725,5.0
44,0.2178468120616409,2065.0000000041414,0.001000000001512729,0.003422902788140823,10121.233518277164,22.16990492521171,0.0,0.0,0.4729157817702998,3056.9834025114515,5.0
45,0.1415264346803046,2065.000000162707,0.0010000001786506841,0.003927944970603817,10046.012378379199,20.20994441125005,0.0,0.0,0.33052258506023446,1863.0994681021725,5.0
46,0.23090117398531187,2065.000000029872,0.001000000000049447,0.0026391798617281127,10125.130734658622,22.478913457270455,0.0,0.0,0.4984932846987007,3056.9834025114515,5.0
47,0.21534366401827085,2065.0000006088067,0.0010000000008277739,0.008580607411528706,10120.220040816752,22.109885971882537,0.0,0.0,0.46805016016171597,3056.9834025114515,5.0
48,0.2232965327956219,2065.0000000201744,0.0010000000000361816,0.002325995719117699,10123.140830117683,22.299710888257835,0.0,0.0,0.48355236369735,3056.9834025114515,5.0
49,0.12072878146630679,2065.00000001704,0.001000000001234316,0.003165258263068192,10006.506166452868,19.619963881893945,0.0,0.0,0.29400944260857464,1863.0994681021725,5.0
50,0.22837783901431186,2065.0000000194486,0.0010000000034612213,0.0037574231051735996,10124.55604061413,22.419696592104483,0.0,0.0,0.49352302858637653,3056.9834025114515,5.0
51,0.11424267155247914,2065.000000460158,0.0010000000074739512,0.0012036276261475983,9992.109001984416,19.42993532302727,0.0,0.0,0.28283998082566053,1863.0994681021725,5.0
52,0.2365070446447127,2065.000000120269,0.0010000000032102153,0.005046547271343743,10126.108116319523,22.60961650747339,0.0,0.0,0.5095798082797771,3056.9834025114515,5.0
53,0.13047168009509788,2065.0000001043754,0.0010000004718385374,0.0018711305920234356,10026.225723080977,19.899884959258433,0.0,0.0,0.31098376908820113,1863.0994681021725,5.0
54,0.13614322737045453,2065.0000000277914,0.001000000000224287,0.0010033590990342499,10036.70850081377,20.059927286755503,0.0,0.0,0.3209714351815751,1863.0994681021725,5.0
55,0.16788422338585474,2065.0000000211267,0.0010000001062384946,0.010548965776217173,10083.220043334355,20.9199142234925,0.0,0.0,0.3782596041937265,1863.0994681021725,5.0
56,0.1576915297022359,2065.0000002517836,0.001000000000015258,0.00862073979463756,10070.400662695396,20.64999100940688,0.0,0.0,0.3596113235733587,1863.0994681021725,5.0
57,0.22667892588822186,2065.0000002008496,0.0010000002109322795,0.0026391798617281127,10124.121220104029,22.379690565058166,0.0,0.0,0.4901837059795193,3056.9834025114515,5.0
58,0.12626936706293584,2065.000001603407,0.0010000000119084632,0.0010951850577164638,10017.992630078745,19.779940560937515,0.0,0.0,0.30363378941911323,1863.0994681021725,5.0
59,0.14044453889417632,2065.000000085178,0.0010000001671027674,0.006708727169259068,10044.191789041537,20.179939079269552,0.0,0.0,0.3285975066268816,1863.0994681021725,5.0
60,0.21367365805727712,2065.000000163558,0.0010000000009412736,0.011745333479613937,10119.495153403159,22.069702272370662,0.0,0.0,0.4648110071659848,3056.9834025114515,5.0
61,0.24385545379601506,2065.0000000619007,0.0010000000008785833,0.005666667934688999,10126.775145549063,22.77920591172179,0.0,0.0,0.5242046811541703,3056.9834025114515,6.0
62,0.17596227948836554,2065.0000000261193,0.0010000000233077507,0.0018009896805585113,10092.069420376247,21.129967511978837,0.0,0.0,0.3932031551148496,1863.0994681021725,5.0
63,0.10060199445354898,2065.000000004603,0.0010000000159464655,0.0028724912042458243,9958.245132806233,19.019996115524904,0.0,0.0,0.2597005562193071,1863.0994681021725,5.0
64,0.21078042010209969,2065.000000014395,0.0010000000079792375,0.0027544206980470737,10118.146073844537,21.99981469694879,0.0,0.0,0.4592126321393484,3056.9834025114515,5.0
65,0.18732452677361536,2065.0000091121415,0.0010000000037439613,0.012261333769584583,10102.660762229028,21.419944842697028,0.0,0.0,0.4144626622132759,3056.9834025114515,5.0
66,0.2343715300444268,2065.0000264876862,0.0010000000111041118,0.013843660155973289,10125.784096381696,22.559968343537765,0.0,0.0,0.5053496720716377,3056.9834025114515,5.0
67,0.18850778277924707,2065.0000021911337,0.0010000005022711338,0.0038983761864839475,10103.643019910765,21.44978732080378,0.0,0.0,0.4166924215019967,3056.9834025114515,5.0
68,0.2058533143048341,2065.000000158328,0.0010000001137755177,0.0036976891653752873,10115.57278316596,21.879995945840143,0.0,0.0,0.44971797382004786,3056.9834025114515,5.0
69,0.17056495112614806,2065.0000026958783,0.0010000000079000207,0.0033229731704286854,10086.282120831507,20.989991529303225,0.0,0.0,0.38320276546379173,1863.0994681021725,5.0
70,0.20340173691481414,2065.0000046552464,0.0010000000200113613,0.010153353485734684,10114.161147400517,21.81999541165205,0.0,0.0,0.44501231990746204,3056.9834025114515,5.0
71,0.20788979095056517,2065.0000012723153,0.0010000000003689098,0.0041557215090355405,10116.678925294744,21.929643495564715,0.0,0.0,0.45363632004109244,3056.9834025114515,5.0
72,0.15731708075602774,2065.000000394197,0.0010000000375118643,0.0030918177597988347,10069.893232865403,20.63996729061566,0.0,0.0,0.3589307062610403,1863.0994681021725,5.0
73,0.180624141711948,2065.0000000090286,0.0010000000006056128,0.004966589569375476,10096.671442532497,21.249699064888187,0.0,0.0,0.4018920603198297,3056.9834025114515,5.0
74,0.1588045586301607,2065.0000002631646,0.0010000000022574618,0.0010215834226272845,10071.893326463403,20.67974021081616,0.0,0.0,0.36163630722035567,1863.0994681021725,5.0
75,0.12731704549563194,2065.000000005939,0.0010000000224970856,0.0013027459611700703,10020.083313896595,19.809954334799475,0.0,0.0,0.3054621575415102,1863.0994681021725,5.0
76,0.10619988195640895,2065.00000025983,0.0010000000339493412,0.004714933506883468,9972.754264079116,19.189976893138134,0.0,0.0,0.269138264864101,1863.0994681021725,5.0
77,0.19249013618173966,2065.0000000322675,0.0010000000313466037,0.008096239879695686,10106.78908242983,21.54975180704051,0.0,0.0,0.42421899050470624,3056.9834025114515,5.0
78,0.1814176865021746,2065.000001148595,0.0010000000052703638,0.008636384549299646,10097.418882511047,21.269974084493747,0.0,0.0,0.4033757954164676,3056.9834025114515,5.0
79,0.1422457947001089,2065.0000000009054,0.0010000000000017712,0.0018888059005985045,10047.209555132555,20.229855413613542,0.0,0.0,0.33180411101473317,1863.0994681021725,5.0
80,0.2029926434690383,2065.0000009361697,0.0010000000004034722,0.0021187864034087965,10113.916997886481,21.809957292706876,0.0,0.0,0.44422822904794335,3056.9834025114515,5.0
81,0.11696254377055965,2065.0000009156597,0.0010000000000292952,0.00367119941067995,9998.27416353815,19.50999083931195,0.0,0.0,0.2875108842940115,1863.0994681021725,5.0
82,0.2425379563923802,2065.0000003633627,0.001000000002274262,0.012389330167791777,10126.706146968445,22.748943053859097,0.0,0.0,0.5215749466508746,3056.9834025114515,6.0
83,0.16332738687268467,2065.000000000089,0.0010000000090528208,0.0012797816297239082,10077.72263263625,20.79992988189551,0.0,0.0,0.36989370307637603,1863.0994681021725,5.0
84,0.15174838564618176,2065.0000000142854,0.0010000000307555021,0.008032414003569086,10062.032444497829,20.48996806401683,0.0,0.0,0.34884652217492773,1863.0994681021725,5.0
85,0.2288106730226213,2065.0001244241275,0.001000000001845105,0.001328268291599234,10124.66052103526,22.429892971785122,0.0,0.0,0.4943766156556457,3056.9834025114515,5.0
86,0.1554533907250395,2065.0000000000978,0.001000000000327163,0.0024762207528401495,10067.328507123486,20.589961311961023,0.0,0.0,0.35554790354936605,1863.0994681021725,5.0
87,0.17907084504847043,2065.0000116654373,0.0010000000070289397,0.01258157188375885,10095.178295802192,21.20992597793446,0.0,0.0,0.39899190989016553,1863.0994681021725,5.0
88,0.12453096361886798,2065.0000000142854,0.0010000000062475609,0.008032414003569086,10014.46706928461,19.729974052199285,0.0,0.0,0.30060589120772874,1863.0994681021725,5.0
89,0.14188392436072628,2065.0000706903297,0.0010000000103015769,0.003458299689095614,10046.608695772858,20.21985391588724,0.0,0.0,0.3311602178512507,1863.0994681021725,5.0
90,0.1332988854437645,2065.0000000518407,0.0010000000013816997,0.002606528857744853,10031.54042506485,19.97992416276262,0.0,0.0,0.3159528179878195,1863.0994681021725,5.0
91,0.15843013060650302,2065.000000112224,0.0010000000001110167,0.010341791363097897,10071.393777072632,20.669740057223933,0.0,0.0,0.3609547776655002,1863.0994681021725,5.0
92,0.24422789048867977,2065.000000007694,0.0010000000002631409,0.0023527852613232114,10126.790676718636,22.78774959184424,0.0,0.0,0.5249486707565785,3056.9834025114515,6.0
93,0.21409825715652547,2065.000000004372,0.001000000000831726,0.0024194821888141676,10119.683173104933,22.079929711254664,0.0,0.0,0.4656340240500205,3056.9834025114515,5.0
94,0.11593550027523439,2065.0000001536428,0.0010000000016818064,0.011980000666820744,9995.968137550228,19.47982458982942,0.0,0.0,0.2857449135776968,1863.0994681021725,5.0
95,0.2408027084434378,2065.0000001016447,0.001000000000117112,0.008851746864754824,10126.58170439725,22.708989784722014,0.0,0.0,0.5181164516086589,3056.9834025114515,6.0
96,0.23946380713504412,2065.0000000125915,0.0010000000046055256,0.004265919584668351,10126.459469158424,22.678088250116705,0.0,0.0,0.5154518700856059,3056.9834025114515,5.0
97,0.20258430909482378,2065.000002589511,0.001000000000006971,0.0035838342973500597,10113.6708135382,21.799931494234915,0.0,0.0,0.4434460165349392,3056.9834025114515,5.0
98,0.149167341515266,2065.0000001526523,0.0010000000442813503,0.014391281102444638,10058.185169556727,20.419843946345544,0.0,0.0,0.34419677028300866,1863.0994681021725,5.0
99,0.10289720787903466,2065.00000043328,0.001000000998703147,0.001241882454787002,9964.299524062093,19.089993567581736,0.0,0.0,0.26356023215631663,1863.0994681021725,5.0
100,0.17829374603105042,2065.000004573719,0.0010000000527434977,0.0012130667665594167,10094.41623482224,21.189981496703655,0.0,0.0,0.3975427722784344,1863.0994681021725,5.0
101,0.2454915802692838,2065.000000017581,0.0010000000000009472,0.0018590560699623042,10126.830359541564,22.816702046649336,0.0,0.0,0.5274750313065777,3056.9834025114515,6.0
102,0.2467598837766928,2065.000000013946,0.0010000000000004662,0.002277642698997088,10126.850037478036,22.845703660410145,0.0,0.0,0.5300136803775888,3056.9834025114515,6.0
103,0.2279505943619981,2065.000002033569,0.0010000000151128424,0.010503982844580833,10124.450355533367,22.40964655635705,0.0,0.0,0.49268274696533965,3056.9834025114515,5.0
104,0.225834080533142,2065.0000000953496,0.0010000000220019443,0.010229377129984828,10123.890910487567,22.35975488649857,0.0,0.0,0.4885252247720766,3056.9834025114515,5.0
105,0.22288668666709077,2065.000012026002,0.0010000000213634423,0.001481870554903281,10123.011476972426,22.289991595097412,0.0,0.0,0.48275056455673626,3056.9834025114515,5.0
106,0.2391010292465411,2065.0000000253535,0.0010000000075824043,0.004540698642199439,10126.42240137777,22.6697042723575,0.0,0.0,0.5147304922274085,3056.9834025114515,5.0
107,0.1973003396913863,2065.000000121664,0.0010000003586207494,0.001809099928165013,10110.260627638312,21.669534805421254,0.0,0.0,0.4333547630149037,3056.9834025114515,5.0
108,0.11390327672383369,2065.0000001657013,0.0010000000119785067,0.004616795010229171,9991.326489058447,19.41990765735764,0.0,0.0,0.28225844094222086,1863.0994681021725,5.0
109,0.18652880680575398,2065.000000077315,0.0010000000002367807,0.011607790735866133,10101.987363872979,21.399837175795515,0.0,0.0,0.41296466692902656,3056.9834025114515,5.0
110,0.14116382743177353,2065.000000156916,0.0010000000001336713,0.0021550187890263476,10045.405097244604,20.199895866759725,0.0,0.0,0.32987706932200034,1863.0994681021725,5.0
111,0.23823218840479157,2065.0000020935013,0.001000000007237381,0.0025115440956212324,10126.326771388298,22.64960587613955,0.0,0.0,0.5130038813969466,3056.9834025114515,5.0
112,0.2429940958091737,2065.000000407334,0.0010000000005577644,0.0012459433480206778,10126.7325205547,22.759427574698915,0.0,0.0,0.5224850300908532,3056.9834025114515,6.0
113,0.1614384996433347,2065.0000002594447,0.0010000000004858213,0.003908234951788582,10075.333871679011,20.74986965881125,0.0,0.0,0.3664395270220311,1863.0994681021725,5.0
114,0.1561946000158922,2065.0000001137505,0.0010000000002499034,0.00418386818758757,10068.356422981196,20.609872463610415,0.0,0.0,0.35689233108201934,1863.0994681021725,5.0
115,0.20176876608711397,2065.000000087328,0.0010000000265525135,0.0022898008707928214,10113.17171313146,21.779884969784867,0.0,0.0,0.44188469366793637,3056.9834025114515,5.0
116,0.1210738727677643,2065.000001096435,0.0010000000000066932,0.0032035457060332383,10007.243051196356,19.629990292083495,0.0,0.0,0.2946066778179577,1863.0994681021725,5.0
117,0.17673873743838342,2065.000000388151,0.0010000000062983655,0.00409593152917854,10092.861159206475,21.149983963320416,0.0,0.0,0.3946470653263934,1863.0994681021725,5.0
118,0.13400834908444337,2065.0000000786263,0.0010000000069043595,0.003823210890733543,10032.846096197873,19.999927888658526,0.0,0.0,0.31720279052334455,1863.0994681021725,5.0
119,0.10752932169344111,2065.0000008283832,0.0010000000066566026,0.0013672139200445826,9976.07249120328,19.229981898467344,0.0,0.0,0.27139162908851744,1863.0994681021725,5.0
120,0.13294628657795488,2065.0000005078427,0.0010000000409353278,0.002128812308228439,10030.887335219662,19.969970419400596,0.0,0.0,0.3153320470579597,1863.0994681021725,5.0
121,0.14297182124973426,2065.000000008726,0.0010000000003379374,0.012344497101167601,10048.40674812558,20.249918968418978,0.0,0.0,0.33309875262400745,1863.0994681021725,5.0
122,0.14880346616000528,2065.0000003635914,0.0010000000001320923,0.003939211149698982,10057.632252348441,20.409926743715445,0.0,0.0,0.3435424913337466,1863.0994681021725,5.0
123,0.10256542957090299,2065.0000000042514,0.0010000000000014487,0.001951164973827533,9963.434442465974,19.079901492183954,0.0,0.0,0.26300144709193285,1863.0994681021725,5.0
124,0.17248589478522788,2065.0000002843735,0.001000000005368578,0.0011842526228959382,10088.399206752183,21.039978951047352,0.0,0.0,0.38675461594533833,1863.0994681021725,5.0
125,0.22078323138449582,2065.000000068298,0.0010000000110275292,0.011023189715028248,10122.31178358241,22.239992890582638,0.0,0.0,0.4786396238030566,3056.9834025114515,5.0
126,0.14405304456685117,2065.0000004700423,0.0010000000059323685,0.0018791338163378069,10050.16946787224,20.279739102939462,0.0,0.0,0.3350290815099075,1863.0994681021725,5.0
127,0.22966708964098423,2065.000000073731,0.0010000000022109617,0.0025589937873238427,10124.860206613203,22.44998247538879,0.0,0.0,0.4960609268691485,3056.9834025114515,5.0
128,0.1375731447961005,2065.0000003748273,0.0010000000003328332,0.003936076980170624,10039.24017239017,20.099952364082917,0.0,0.0,0.32350174083719496,1863.0994681021725,5.0
129,0.11764511201619564,2065.000000007934,0.0010000000365118001,0.008870256131912224,9999.792080721723,19.529996784527373,0.0,0.0,0.2886859920842888,1863.0994681021725,5.0
130,0.15359431981765415,2065.0000000043588,0.0010000000071079419,0.004074882907013248,10064.704168711316,20.539884911555518,0.0,0.0,0.35218139554957495,1863.0994681021725,5.0
131,0.1294185069760799,2065.000023547258,0.0010000000000029397,0.0038522475790079406,10024.200627517406,19.869938690879348,0.0,0.0,0.30913798367516665,1863.0994681021725,5.0
132,0.1495401455353132,2065.0000000000423,0.0010000000022174378,0.0023831072783278445,10058.74901854166,20.429996486698464,0.0,0.0,0.34486742295502326,1863.0994681021725,5.0
133,0.21701322469785794,2065.0000005761285,0.0010000000001594224,0.009738372169324055,10120.905703063683,22.149945778650757,0.0,0.0,0.47129406070478064,3056.9834025114515,5.0
134,0.1751805026100401,2065.0000000000173,0.0010000000000736796,0.001092751023425419,10091.262008166625,21.109783622965374,0.0,0.0,0.39175068743704977,1863.0994681021725,5.0
135,0.10223911544064876,2065.0000002882325,0.0010000000000657061,0.004479719411303738,9962.579597986605,19.069967102893724,0.0,0.0,0.2624521549754373,1863.0994681021725,5.0
136,0.19170042769478723,2065.000000083774,0.0010000002302408073,0.012429613478198352,10106.184813499762,21.52998653687079,0.0,0.0,0.42272378621242734,3056.9834025114515,5.0
137,0.14990766146412549,2065.000000003288,0.0010000000502264838,0.010647151718214445,10059.30208811516,20.43999711585702,0.0,0.0,0.3455288798412366,1863.0994681021725,5.0
138,0.15211096265381896,2065.0000000043055,0.0010000000071079419,0.004088291069048627,10062.56246183024,20.499788076424775,0.0,0.0,0.3495009367885791,1863.0994681021725,5.0
139,0.13507667486257274,2065.000000416075,0.0010000000006526574,0.0026274718823724006,10034.791343965491,20.02998894745446,0.0,0.0,0.3190873151584406,1863.0994681021725,5.0
140,0.11019874362934655,2065.0000000935092,0.0010000000027355078,0.002528279345007253,9982.591342035817,19.309897250219553,0.0,0.0,0.2759299859635378,1863.0994681021725,5.0
141,0.11221050711631922,2065.0000011436255,0.001000000000167084,0.002692081109895256,9987.379352420796,19.369766454382138,0.0,0.0,0.2793623489767667,1863.0994681021725,5.0
142,0.13259311448318184,2065.0000000253162,0.0010000000011477232,0.0026704553945006886,10030.230500907299,19.959992281877454,0.0,0.0,0.31471055564353145,1863.0994681021725,5.0
143,0.17712288670182483,2065.000000012916,0.0010000000000691272,0.002185276419903118,10093.249114004657,21.1598758518928,0.0,0.0,0.3953619116681286,1863.0994681021725,5.0
144,0.1224536651923284,2065.000000000208,0.0010000000183565802,0.013503202099127353,10010.160584687064,19.669995160244625,0.0,0.0,0.296997519783861,1863.0994681021725,5.0
145,0.15471036831939425,2065.000000004993,0.0010000000004184374,0.004174490431921411,10066.287571884654,20.569970492431942,0.0,0.0,0.3542014485925733,1863.0994681021725,5.0
146,0.23695116305468789,2065.000000073731,0.0010000000001115642,0.004747426651852339,10126.168079471305,22.619921613268414,0.0,0.0,0.5104607369644694,3056.9834025114515,5.0
147,0.2046192079609636,2065.000000235633,0.0010000000000203837,0.006927299716427675,10114.873256908912,21.849823897808832,0.0,0.0,0.4473476039483615,3056.9834025114515,5.0
148,0.23566218675152467,2065.0000000023347,0.001000000000087073,0.0012287794063044798,10125.987013877775,22.589992816317285,0.0,0.0,0.5079050477651643,3056.9834025114515,5.0
149,0.21826335985805406,2065.000000721397,0.0010000000208309605,0.002720047098845476,10121.393698945598,22.179868341291826,0.0,0.0,0.4737267015097122,3056.9834025114515,5.0
150,0.1357858782263267,2065.0000002661322,0.0010000000018010363,0.013682556348400368,10036.068909568974,20.049904503936542,0.0,0.0,0.3203398571734857,1863.0994681021725,5.0
151,0.16446469234326994,2065.0000001371727,0.001000000000660201,0.0032449753991930985,10079.129635044606,20.829978965378984,0.0,0.0,0.37197734126158966,1863.0994681021725,5.0
152,0.16069009457000427,2065.0000000000364,0.0010000000010887597,0.0035658875550918625,10074.36932438675,20.729981620731156,0.0,0.0,0.36507314808515323,1863.0994681021725,5.0
153,0.15956327002026524,2065.000000008464,0.0010000000007424007,0.003046223965803897,10072.89756554109,20.69997999299722,0.0,0.0,0.3630182714239376,1863.0994681021725,5.0
154,0.2199291057006857,2065.0000000445484,0.001000000012828832,0.0010829622358742696,10122.010383219342,22.219641527574424,0.0,0.0,0.47697293325820267,3056.9834025114515,5.0
155,0.2335144320207046,2065.000000067594,0.001000000000087118,0.0018893068245980464,10125.637415306464,22.53998794204885,0.0,0.0,0.5036538080061483,3056.9834025114515,5.0
156,0.20544132153374636,2065.000000007404,0.0010000000000570486,0.014338326636473723,10115.34180566226,21.869930534479618,0.0,0.0,0.44892630147473866,3056.9834025114515,5.0
157,0.15433676193828372,2065.0000000056075,0.0010000000010093111,0.005273544397986612,10065.76017919382,20.55990694873659,0.0,0.0,0.35352490154716065,1863.0994681021725,5.0
158,0.23780604342902806,2065.00000002749,0.0010000000000770645,0.0038305587013536375,10126.276332463649,22.63973753175742,0.0,0.0,0.512157506523452,3056.9834025114515,5.0
159,0.1603127825190215,2065.0000000231935,0.0010000000030630227,0.01499561051151066,10073.879126802698,20.719943438308384,0.0,0.0,0.3643847627973158,1863.0994681021725,5.0
160,0.10421421967422945,2065.000000000003,0.001000000000181167,0.002480736913266091,9967.707971026215,19.129967541266257,0.0,0.0,0.26578117627541964,1863.0994681021725,5.0
161,0.11356795557528655,2065.000000161514,0.0010000000028185245,0.014261856583116229,9990.550479107305,19.40999203757744,0.0,0.0,0.2816841719357901,1863.0994681021725,5.0
162,0.19209936953465212,2065.0000000051773,0.001000000000014525,0.012138423092232873,10106.491418142636,21.539975030059754,0.0,0.0,0.42347896249129535,3056.9834025114515,5.0
163,0.17325638758573492,2065.0000000110786,0.0010000000006087258,0.00477420038408205,10089.230480185624,21.05997623184787,0.0,0.0,0.38818155830078416,1863.0994681021725,5.0
164,0.16636330868405166,2065.000000007214,0.0010000000033711693,0.0048201322784371175,10081.426566849785,20.879989552167174,0.0,0.0,0.3754622049583085,1863.0994681021725,5.0
165,0.13012333111516663,2065.000000005567,0.001000000000070986,0.011573820097534875,10025.559002323984,19.88998683871318,0.0,0.0,0.31037285593312247,1863.0994681021725,5.0
166,0.21243938656384243,2065.0000000015307,0.0010000000004339845,0.011000739879910739,10118.934149208359,22.039929988367053,0.0,0.0,0.4624206323250728,3056.9834025114515,5.0
167,0.10158311764169953,2065.0000000167934,0.0010000000005316193,0.002499782493433504,9960.851949225269,19.049969661586776,0.0,0.0,0.2613487348644963,1863.0994681021725,5.0
168,0.10686467543097689,2065.0000000005953,0.0010000000000452672,0.009134748656752848,9974.419593181283,19.20999871283547,0.0,0.0,0.27026449284943954,1863.0994681021725,5.0
169,0.22753552899366136,2065.000000000735,0.0010000000007457587,0.003841892157318444,10124.345382368274,22.399875647168088,0.0,0.0,0.49186670175120173,3056.9834025114515,5.0
170,0.23222593716995038,2065.000000051759,0.0010000000056537893,0.005796093542452906,10125.398786107515,22.50990645222213,0.0,0.0,0.5011076892180046,3056.9834025114515,5.0
171,0.21576349765986846,2065.00000000451,0.0010000000001712112,0.003971492872815752,10120.396123422379,22.11997005751514,0.0,0.0,0.46886534589670714,3056.9834025114515,5.0
172,0.20995724274060606,2065.000000073731,0.0010000000000479493,0.002280124042972068,10117.740481424655,21.979867208799284,0.0,0.0,0.45762290244812354,3056.9834025114515,5.0
173,0.12004003802533444,2065.000000000735,0.0010000000007457587,0.003841378780102311,10005.026811978558,19.599928111623278,0.0,0.0,0.2928183771954369,1863.0994681021725,5.0
174,0.19610097048670455,2065.000000053834,0.00100000000063014,0.004157071297202809,10109.428454207431,21.639765525877163,0.0,0.0,0.43107232419756003,3056.9834025114515,5.0
175,0.1957078971468409,2065.000000008538,0.0010000000022471179,0.007304327366729175,10109.150837997631,21.62999515810401,0.0,0.0,0.43032494690571665,3056.9834025114515,5.0
176,0.17363990773433075,2065.0000000017953,0.001000000000103223,0.0015484983989164243,10089.640455004432,21.06991887667795,0.0,0.0,0.3888923200399108,1863.0994681021725,5.0
177,0.2224646340866549,2065.0000000048553,0.0010000000000006351,0.010278099182178495,10122.875949084773,22.27997176741504,0.0,0.0,0.4819248626262076,3056.9834025114515,5.0
178,0.18180807234862276,2065.000000014265,0.001000000000079409,0.002398094919593621,10097.782801663798,21.27993695547121,0.0,0.0,0.40410619618073196,3056.9834025114515,5.0
179,0.1953059105602984,2065.0000000004316,0.001000000000043053,0.0022847197522758407,10108.864489795471,21.619996084546443,0.0,0.0,0.42956095741268974,3056.9834025114515,5.0
180,0.17867955496060653,2065.000000166509,0.0010000000377393807,0.013024951666150785,10094.795832591019,21.19988583051674,0.0,0.0,0.3982619549990405,1863.0994681021725,5.0
181,0.11730156833871096,2065.000000014993,0.001000000000056128,0.002960627316319758,9999.029569590008,19.51993171796127,0.0,0.0,0.28809439607656806,1863.0994681021725,5.0
182,0.10652783629101883,2065.000000046188,0.001000000002292029,0.0010766552213523038,9973.57732235871,19.199858303080404,0.0,0.0,0.26969370871834886,1863.0994681021725,5.0
183,0.19289658540369617,2065.000000000301,0.0010000000001284713,0.01129065225087003,10107.096244280689,21.559913559835913,0.0,0.0,0.4249890585253424,3056.9834025114515,5.0
184,0.10355494826767445,2065.000000000083,0.0010000000006758689,0.00489014135379062,9966.008333335614,19.109974571733137,0.0,0.0,0.26466884362423415,1863.0994681021725,5.0
185,0.11458254566224314,2065.0000001596522,0.0010000000000418006,0.00316316629746419,9992.889669439512,19.439968558936414,0.0,0.0,0.2834226274402132,1863.0994681021725,5.0
186,0.19449557949699214,2065.0000000132045,0.0010000000038187533,0.007547671228389528,10108.279734894002,21.59981772121615,0.0,0.0,0.42802192507119696,3056.9834025114515,5.0
187,0.22923312805881468,2065.0000000003206,0.0010000000000122582,0.0017100685397802157,10124.76029026251,22.439795288722333,0.0,0.0,0.4952063051702029,3056.9834025114515,5.0
188,0.17018112585551343,2065.000000005465,0.0010000000011720974,0.012694239597689248,10085.851435736266,20.979980324832344,0.0,0.0,0.3824939987656544,1863.0994681021725,5.0
189,0.24124765844805085,2065.0000000000955,0.0010000000002333086,0.0015132266830452364,10126.617263117445,22.71924481112616,0.0,0.0,0.5190027199950495,3056.9834025114515,6.0
190,0.1283678988365316,2065.000000000675,0.0010000000000013503,0.007404383759828367,10022.154886822158,19.839985137057532,0.0,0.0,0.3072987867958594,1863.0994681021725,5.0
191,0.10191168889552123,2065.000000001912,0.00100000000000436,0.005903826169360504,9961.718809043015,19.059990150282676,0.0,0.0,0.26190126446830453,1863.0994681021725,5.0
192,0.16219324977619876,2065.000000000204,0.0010000000000341047,0.005492301663433508,10076.296180263887,20.76989547740349,0.0,0.0,0.3678187612692687,1863.0994681021725,5.0
193,0.20217554765219087,2065.00000000009,0.001000000002707202,0.004843518863393002,10113.421901417174,21.7898872786371,0.0,0.0,0.4426632683997478,3056.9834025114515,5.0
194,0.23479941773586321,2065.000000091371,0.0010000000000055804,0.0011899069253458027,10125.853789718105,22.569926007304748,0.0,0.0,0.5061962158233844,3056.9834025114515,5.0
195,0.2005519057689004,2065.0000000241625,0.001000000047677183,0.001408439335935855,10112.408656162826,21.749920705039347,0.0,0.0,0.43955767853810457,3056.9834025114515,5.0
196,0.233941944674323,2065.0000000006594,0.0010000000002524329,0.004349654177748483,10125.71179212136,22.54995507397868,0.0,0.0,0.504499304853532,3056.9834025114515,5.0
197,0.12766596898525653,2065.0000000263713,0.0010000000003662286,0.002692444033532211,10020.773989824424,19.81993392316692,0.0,0.0,0.30607168943851715,1863.0994681021725,5.0
198,0.13900409735038438,2065.000000000195,0.00100000000002311,0.004820752627557775,10041.729769892107,20.139877685560812,0.0,0.0,0.3260387513211995,1863.0994681021725,5.0
199,0.19852991979020945,2065.000000004296,0.001000000000001041,0.0020467052133219805,10111.091860718938,21.69998754951878,0.0,0.0,0.43569780819109294,3056.9834025114515,5.0
200,0.11969716430528762,2065.0000000003897,0.0010000000000173535,0.004675201255091796,10004.28603566692,19.589941308832973,0.0,0.0,0.2922258765678474,1863.0994681021725,5.0
201,0.15693952283767384,2065.000000000003,0.0010000000071502895,0.006541873510102088,10069.378985599276,20.629852376338366,0.0,0.0,0.3582447535634907,1863.0994681021725,5.0
202,0.14660807108789292,2065.000000018893,0.0010000000000088903,0.0013620393873314523,10054.239960961919,20.349927312073678,0.0,0.0,0.3396014909331644,1863.0994681021725,5.0
203,0.14080283114309813,2065.000000001516,0.0010000000003383884,0.008588926525373266,10044.79760294485,20.1898839229894,0.0,0.0,0.32923472824285893,1863.0994681021725,5.0
204,0.2245337316061753,2065.0000000002537,0.0010000000060834558,0.0037536085565005673,10123.517401106039,22.329016951342652,0.0,0.0,0.48597532175280933,3056.9834025114515,5.0
205,0.12349059549622507,2065.0000002522424,0.001000000000030868,0.006028286163863229,10012.323106239353,19.69997225068718,0.0,0.0,0.29879738840906556,1863.0994681021725,5.0
206,0.19050326727465455,2065.0000000119126,0.001000000000014261,0.0047839236828921905,10105.25077598303,21.49996883208502,0.0,0.0,0.4204596368823317,3056.9834025114515,5.0
207,0.13153128966609973,2065.000000358667,0.0010000000000981548,0.005729210562211059,10028.238858424114,19.929944062815625,0.0,0.0,0.31284385769584055,1863.0994681021725,5.0
208,0.210366941537178,2065.0000000001146,0.0010000000000998756,0.01459772974152331,10117.943561289516,21.989798670999836,0.0,0.0,0.458413944547021,3056.9834025114515,5.0
209,0.11901323188073176,2065.0000000025725,0.0010000000000005141,0.0035843768569125984,10002.799793172737,19.56999565987331,0.0,0.0,0.2910448895765043,1863.0994681021725,5.0
210,0.1238363585707293,2065.0000000026116,0.0010000000114685423,0.0011233211845583216,10013.038482743796,19.709951494447825,0.0,0.0,0.2993981397855292,1863.0994681021725,5.0
211,0.16181918678290458,2065.000000000083,0.0010000000002816515,0.012723930601998067,10075.820553442172,20.759974278597923,0.0,0.0,0.3671350346059503,1863.0994681021725,5.0
212,0.19489852599364588,2065.0000000004006,0.0010000000005238809,0.003859912425157174,10108.57177088145,21.609855338521616,0.0,0.0,0.4287870544752028,3056.9834025114515,5.0
213,0.1297634486855732,2065.0000000003274,0.0010000000000605878,0.0016490932019748933,10024.866834795159,19.879752605520125,0.0,0.0,0.30974202717035215,1863.0994681021725,5.0
214,0.24342623045284498,2065.0000000000255,0.0010000000271436931,0.004225399174581695,10126.755050078764,22.76935342254389,0.0,0.0,0.5233475803931198,3056.9834025114515,6.0
215,0.16370602477458568,2065.000000002119,0.0010000000000960616,0.0018197234676045576,10078.193665788933,20.8099416562727,0.0,0.0,0.37058707672944835,1863.0994681021725,5.0
216,0.11289132066876248,2065.000000002134,0.0010000000001535857,0.0017403114641404436,9988.975757925735,19.38995820336221,0.0,0.0,0.2805262396044599,1863.0994681021725,5.0
217,0.11798511078068324,2065.000000151897,0.0010000000000401404,0.00294471985294878,10000.543902821915,19.53994965818907,0.0,0.0,0.28927177752041633,1863.0994681021725,5.0
218,0.18377009614296042,2065.000000055665,0.0010000000006226408,0.004699411442113368,10099.574094970809,21.329898764588915,0.0,0.0,0.40778213504803595,3056.9834025114515,5.0
219,0.1502739169152515,2065.0000000016153,0.001000000000123006,0.0019371088743811633,10059.850707178499,20.4499556351389,0.0,0.0,0.34618837905463473,1863.0994681021725,5.0
220,0.14369923134696533,2065.0000014937464,0.0010000000000365647,0.006591354983062191,10049.595297504771,20.269988895030348,0.0,0.0,0.3343971249414863,1863.0994681021725,5.0
221,0.14697422453486525,2065.00000000045,0.0010000000002544419,0.005225613686390681,10054.812451804344,20.359953916146576,0.0,0.0,0.3402580001133919,1863.0994681021725,5.0
222,0.10919664785894852,2065.000000000538,0.001000000000013766,0.008447932470550975,9980.166511819696,19.279961086928857,0.0,0.0,0.27422414016444496,1863.0994681021725,5.0
223,0.13471872811017904,2065.0000000137734,0.0010000000000013139,0.004191625786382,10034.142369294885,20.019924973913383,0.0,0.0,0.318455588487383,1863.0994681021725,5.0
224,0.21119781288148623,2065.0000000111077,0.0010000000000185006,0.0016144344537320672,10118.34804508327,22.009918342029415,0.0,0.0,0.46001923278270307,3056.9834025114515,5.0
225,0.1532258610193545,2065.000000000229,0.001000000000001242,0.0126260829886049,10064.176160788411,20.529936764398396,0.0,0.0,0.35151511046177486,1863.0994681021725,5.0
226,0.11053659741351166,2065.0000000252653,0.0010000000004748368,0.006521275890720889,9983.402870589074,19.319972928206507,0.0,0.0,0.27650568704180345,1863.0994681021725,5.0
227,0.20625945472458346,2065.0000000050745,0.0010000000007310717,0.01218774750093543,10115.79828530081,21.88991126089643,0.0,0.0,0.4504987369678115,3056.9834025114515,5.0
228,0.10819618245333532,2065.000000000332,0.0010000000000020778,0.0030237798369284375,9977.718898985368,19.24999707766235,0.0,0.0,0.27252364850860267,1863.0994681021725,5.0
229,0.10092870651984173,2065.0000000000327,0.00100000000008979,0.007029522725351788,9959.116267604555,19.029985931188072,0.0,0.0,0.2602491146384356,1863.0994681021725,5.0
230,0.20380458518312763,2065.0000000030336,0.0010000000001863095,0.002578254675575435,10114.399205268048,21.82987185516396,0.0,0.0,0.44578465563113,3056.9834025114515,5.0
231,0.1539681931432409,2065.0000001014364,0.0010000000000107139,0.0027066236665576385,10065.237275289881,20.54997137687655,0.0,0.0,0.35285779137764806,1863.0994681021725,5.0
232,0.16521876468091798,2065.000000000072,0.0010000000001007027,0.0077876786540999905,10080.049650083904,20.84986449104295,0.0,0.0,0.37336045760438363,1863.0994681021725,5.0
233,0.10322590729133817,2065.0000000001232,0.0010000000008912435,0.010336279468163397,9965.155500187557,19.09998317250982,0.0,0.0,0.26411410586376216,1863.0994681021725,5.0
234,0.207080761092009,2065.000000057736,0.0010000000001724367,0.004322337027170787,10116.246739272447,21.909940916354092,0.0,0.0,0.4520786526573848,3056.9834025114515,5.0
235,0.10125553768047131,2065.000000000023,0.0010000000004464584,0.0048020543854133246,9959.984644360902,19.039970704366446,0.0,0.0,0.260798154576491,1863.0994681021725,5.0
236,0.14260915484978606,2065.00000000004,0.001000000000000002,0.002694639729548038,10047.810088825365,20.23990078465819,0.0,0.0,0.3324518950841091,1863.0994681021725,5.0
237,0.159937764002138,2065.0000000072687,0.0010000000000170818,0.0014709008124544013,10073.389305857469,20.709958569484474,0.0,0.0,0.36370088007378554,1863.0994681021725,5.0
238,0.23050913108451035,2065.0000000001132,0.001000000000000306,0.00415687146774303,10125.046974996223,22.46972890962328,0.0,0.0,0.4977202510126113,3056.9834025114515,5.0
239,0.21659249445810513,2065.0000000027026,0.001000000000000414,0.0025094434759019664,10120.736580221312,22.139861192323185,0.0,0.0,0.47047605867186104,3056.9834025114515,5.0
240,0.24462695363077092,2065.000000000046,0.0010000000004627629,0.001434333080039239,10126.805377814293,22.79689863873102,0.0,0.0,0.5257461453539514,3056.9834025114515,6.0
241,0.15508239742949437,2065.0000000082737,0.0010000000000025772,0.0014531209301643136,10066.810083194532,20.579983723216948,0.0,0.0,0.35487545687934285,1863.0994681021725,5.0
242,0.13721348687688795,2065.0000000141545,0.0010000000000966612,0.004082369780132448,10038.60754361702,20.089897214088882,0.0,0.0,0.32286484603156995,1863.0994681021725,5.0
243,0.1912965641264756,2065.0000000007485,0.0010000000000037798,0.0030431825733816522,10105.872369824294,21.519867369543316,0.0,0.0,0.42195963322261854,3056.9834025114515,5.0
244,0.22499083110032558,2065.000000000018,0.0010000000000222444,0.0014563652100958527,10123.651305383619,22.33982942165465,0.0,0.0,0.4868712833737747,3056.9834025114515,5.0
245,0.23866871451910435,2065.0000000013533,0.0010000000000012679,0.004258041651760877,10126.376037347676,22.65970702597941,0.0,0.0,0.5138711726380578,3056.9834025114515,5.0
246,0.10786189729763498,2065.0000000002415,0.0010000000000355365,0.003020885321151804,9976.89508807451,19.239968064559097,0.0,0.0,0.2719560391653981,1863.0994681021725,5.0
247,0.21867720277029035,2065.0000000000214,0.0010000000002200805,0.005801190330977763,10121.550503409975,22.18975994203484,0.0,0.0,0.4745326781913024,3056.9834025114515,5.0
248,0.15100965072013237,2065.000000004686,0.0010000000000201575,0.0047775866665073575,10060.944696351959,20.469936815967106,0.0,0.0,0.34751411806293064,1863.0994681021725,5.0
249,0.1755673695296603,2065.0000000000255,0.001000000000441349,0.00226805342359438,10091.662865400238,21.119775555636544,0.0,0.0,0.3924692826858813,1863.0994681021725,5.0
250,0.22202508550820427,2065.0000000011896,0.0010000000000264808,0.001980449989304771,10122.73219356753,22.269531306497697,0.0,0.0,0.48106549894959993,3056.9834025114515,5.0
251,0.22540812195900897,2065.0000000011423,0.0010000000000871955,0.009737385957683017,10123.77108337174,22.349693173873817,0.0,0.0,0.48768957718393446,3056.9834025114515,5.0
252,0.23608085332538284,2065.0000000226537,0.0010000000000038437,0.013940421792094013,10126.048182504463,22.599720544963084,0.0,0.0,0.508734796162938,3056.9834025114515,5.0
253,0.11866982662603034,2065.000000000016,0.0010000000000147517,0.0010074559863621794,10002.049203932116,19.55996831408611,0.0,0.0,0.2904523526788434,1863.0994681021725,5.0
254,0.2066725705737442,2065.00000000536,0.00100000000001552,0.007258150561189579,10116.025082205242,21.899989714052694,0.0,0.0,0.4512932589943923,3056.9834025114515,5.0
255,0.22035507621835046,2065.0000000001783,0.0010000000002437952,0.0019287578391209831,10122.16196108901,22.229794782658107,0.0,0.0,0.4778039641149183,3056.9834025114515,5.0
256,0.21450621370792794,2065.0000000036807,0.0010000000000095978,0.007322740298173863,10119.861433794047,22.08974937027751,0.0,0.0,0.4664251273848663,3056.9834025114515,5.0
257,0.1713328209470707,2065.000000005681,0.0010000000000030078,0.005743662951499742,10087.136072273479,21.009995658483426,0.0,0.0,0.3846215676796214,1863.0994681021725,5.0
258,0.15138030170847294,2065.000000000069,0.001000000000056432,0.003881705832415696,10061.4918094081,20.479991170987066,0.0,0.0,0.3481824776650895,1863.0994681021725,5.0
259,0.10586869960347198,2065.0000000035984,0.0010000000018124207,0.0018524768534401532,9971.92018201046,19.17998962554096,0.0,0.0,0.26857763141185986,1863.0994681021725,5.0
260,0.10953180886479154,2065.0000000002733,0.0010000000000184876,0.0032915584971795163,9980.980492180815,19.289982047608895,0.0,0.0,0.27479438983237925,1863.0994681021725,5.0
261,0.22414790873839338,2065.000000000153,0.001000000000086153,0.004239112550300547,10123.402192880467,22.31988418661547,0.0,0.0,0.48521939173272344,3056.9834025114515,5.0
262,0.2001407844076343,2065.0000000000823,0.0010000000000007074,0.0010106592025983675,10112.145919052382,21.739782547909957,0.0,0.0,0.4387721802904321,3056.9834025114515,5.0
263,0.18298692644188866,2065.00000000065,0.0010000000013949345,0.004558739287179063,10098.866590687052,21.30997795028466,0.0,0.0,0.4063138387408307,3056.9834025114515,5.0
264,0.20749075569080455,2065.000000002494,0.0010000000000201675,0.007097048819758277,10116.4669443445,21.919928991973194,0.0,0.0,0.452867859330643,3056.9834025114515,5.0
265,0.21617667023267806,2065.0000000004597,0.0010000000001534845,0.0038685533797674157,10120.567005909003,22.1298872829349,0.0,0.0,0.4696679533477648,3056.9834025114515,5.0
266,0.2399499484409498,2065.0000000000214,0.0010000000002981962,0.003609414637896021,10126.506501711663,22.689315752479576,0.0,0.0,0.5164189521419857,3056.9834025114515,6.0
267,0.13223971954718686,2065.000000000243,0.0010000000000112501,0.0021709245289762823,10029.5704381302,19.949999811034232,0.0,0.0,0.3140889795542756,1863.0994681021725,5.0
268,0.15063956947767565,2065.0000001913927,0.0010000000012525582,0.0033191301191428687,10060.395736908291,20.45989003169671,0.0,0.0,0.3468471046622754,1863.0994681021725,5.0
269,0.20954800964129686,2065.0000000099794,0.0010000000000316201,0.0029431303159357784,10117.535232769827,21.969940030632845,0.0,0.0,0.45683309864808197,3056.9834025114515,5.0
270,0.10852958480663115,2065.0000000049304,0.0010000000000030976,0.002197168263608941,9978.537539769553,19.25999103614817,0.0,0.0,0.2730900461526635,1863.0994681021725,5.0
271,0.17750956372514648,2065.0000000166397,0.0010000000000023885,0.005660134808340855,10093.6371132073,21.169825508113554,0.0,0.0,0.3960817915005894,1863.0994681021725,5.0
272,0.10719655435556447,2065.0000000014716,0.0010000000000064634,0.004679221757890801,9975.246439360842,19.219981174965447,0.0,0.0,0.2708271597536547,1863.0994681021725,5.0
273,0.19772191833221037,2065.0000000010136,0.0010000000013900686,0.008996183595952596,10110.548439231288,21.67998348673633,0.0,0.0,0.4341577523744746,3056.9834025114515,5.0
274,0.20913738979105456,2065.0000000307236,0.0010000000000044281,0.0022817195381939727,10117.326873766197,21.959972199360582,0.0,0.0,0.45604096272880423,3056.9834025114515,5.0
275,0.15806438279176405,2065.0000000005643,0.0010000000000012332,0.012483602861094598,10070.90327502563,20.659964268543963,0.0,0.0,0.36028935530339146,1863.0994681021725,5.0
276,0.19812437593701895,2065.0000000379546,0.001000000000000178,0.0038237107892704052,10110.820345078631,21.689950931450053,0.0,0.0,0.43492466954290365,3056.9834025114515,5.0
277,0.18613733552938527,2065.0000000045848,0.0010000000069858676,0.004326266903341458,10101.652348910731,21.38993457102683,0.0,0.0,0.41222825468656743,3056.9834025114515,5.0
278,0.20421342502923082,2065.000000000163,0.0010000000000154167,0.001532828084259338,10114.638338869829,21.83988884966102,0.0,0.0,0.44656888976183273,3056.9834025114515,5.0
279,0.14624102946344605,2065.000000000008,0.0010000000001158533,0.00311788577744099,10053.66336732607,20.339868398451895,0.0,0.0,0.33894370266993135,1863.0994681021725,5.0
280,0.10986649138112713,2065.0000001476196,0.0010000000000008496,0.004263888392193592,9981.79032834213,19.299980176762617,0.0,0.0,0.2753641153490016,1863.0994681021725,5.0
281,0.20136190281468996,2065.0000000063433,0.0010000000000113195,0.0033430834454939314,10112.919067958313,21.769873435482562,0.0,0.0,0.44110630250302196,3056.9834025114515,5.0
282,0.12801683309374182,2065.0000002049837,0.0010000000000275097,0.006551621561821752,10021.465655708078,19.829960801163875,0.0,0.0,0.3066849137589933,1863.0994681021725,5.0
283,0.14478766476129598,2065.000000000223,0.001000000000370747,0.00597767825428212,10051.353435899777,20.29995956846818,0.0,0.0,0.33634216893979607,1863.0994681021725,5.0
284,0.12696775912914374,2065.0000000000255,0.0010000000002708584,0.0022598568209537566,10019.389146453357,19.799956168575164,0.0,0.0,0.30485229053204344,1863.0994681021725,5.0
285,0.14587752708389234,2065.0000160936434,0.0010000000000923684,0.0031565387174953582,10053.089637330793,20.32990103789868,0.0,0.0,0.33829277996444906,1863.0994681021725,5.0
286,0.16979855134299326,2065.000000000039,0.0010000000000005107,0.0010005564970469538,10085.419588681894,20.96999461485833,0.0,0.0,0.38178790273177854,1863.0994681021725,5.0
287,0.13972662361343918,2065.0000000000946,0.001000000000000002,0.002430999459562722,10042.970284726256,20.159988568373382,0.0,0.0,0.3273216084843189,1863.0994681021725,5.0
288,0.130826958656836,2065.000000000024,0.0010000000000188612,0.0025648504966461717,10026.903839962266,19.909971719163,0.0,0.0,0.311607135883081,1863.0994681021725,5.0
289,0.176346369794152,2065.0000000000377,0.001000000000016011,0.0012681874721802574,10092.462355145803,21.13987276271485,0.0,0.0,0.3939172467583638,1863.0994681021725,5.0
290,0.1667393595345124,2065.0000000001482,0.0010000000000394012,0.0021346616437176473,10081.87386356939,20.889872345310582,0.0,0.0,0.37615339141684134,1863.0994681021725,5.0
291,0.19329972315187136,2065.0000000008376,0.00100000000000497,0.0015244285359326125,10107.39834611757,21.569985104951822,0.0,0.0,0.42575319666312916,3056.9834025114515,5.0
292,0.23178977786502517,2065.000000000131,0.001000000000001666,0.0016144701825559745,10125.313086322942,22.4997097160041,0.0,0.0,0.5002465542665324,3056.9834025114515,5.0
293,0.1686510718286005,2065.000000001587,0.0010000000001640847,0.006940574093774425,10084.10894730196,20.939998459694394,0.0,0.0,0.3796720075628601,1863.0994681021725,5.0
294,0.2212021840233399,2065.0000000000236,0.0010000000000256685,0.005537280301767691,10122.455976959835,22.249964772237192,0.0,0.0,0.4794576742447081,3056.9834025114515,5.0
295,0.1214180560668746,2065.000000007033,0.0010000000000028376,0.0011097465556657883,10007.975122613017,19.63998167812012,0.0,0.0,0.2952026098182077,1863.0994681021725,5.0
296,0.16408453344404536,2065.000000000001,0.0010000000091923249,0.0015669156397586392,10078.661924107959,20.81994234773798,0.0,0.0,0.37128053487600265,1863.0994681021725,5.0
297,0.14733980080274142,2065.000000000162,0.0010000000000340982,0.004682734054805941,10055.381349658423,20.369956801291387,0.0,0.0,0.34091378640741477,1863.0994681021725,5.0
298,0.11087189054461068,2065.0000000346613,0.0010000000000055412,0.0061256680607562316,9984.205269434215,19.32996371085305,0.0,0.0,0.27707731500562693,1863.0994681021725,5.0
299,0.1682688433482515,2065.0000000025866,0.001000000000255673,0.005601495231028094,10083.667231153082,20.929991486675632,0.0,0.0,0.37896784501037173,1863.0994681021725,5.0
300,0.18495552164392903,2065.0000000000064,0.0010000000000018844,0.005705919972454401,10100.62609424219,21.359995702054057,0.0,0.0,0.4100070866775398,3056.9834025114515,5.0
301,0.20829590449591956,2065.000000000003,0.0010000000000000792,0.0017531090471634894,10116.892306918076,21.939523005138973,0.0,0.0,0.45441870820293406,3056.9834025114515,5.0
302,0.1364989333109417,2065.0,0.001000000000000464,0.012949893888937906,10037.342401570822,20.069895969490833,0.0,0.0,0.3216004152966825,1863.0994681021725,5.0
303,0.18337584351642722,2065.000000001177,0.0010000000007707253,0.005481322345831853,10099.21917806494,21.319874164750413,0.0,0.0,0.40704282028392114,3056.9834025114515,5.0
304,0.1810265623078138,2065.000000000042,0.0010000000000000729,0.001531805947306473,10097.051779875335,21.259984606762483,0.0,0.0,0.4026443104594801,3056.9834025114515,5.0
305,0.12314414049204057,2065.0000000001232,0.0010000000000002188,0.003994168498359128,10011.603434731287,19.689964684738026,0.0,0.0,0.2981957251417886,1863.0994681021725,5.0
306,0.2174301918232807,2065.000000000735,0.0010000000000016235,0.005655095653960829,10121.070885780035,22.15993294330114,0.0,0.0,0.4721050799373929,3056.9834025114515,5.0
307,0.21202782551210483,2065.000000000174,0.0010000000000007705,0.004850277360568228,10118.742291752715,22.02998867367244,0.0,0.0,0.4616242617152553,3056.9834025114515,5.0
308,0.1287097778851426,2065.0000000000136,0.0010000000000003314,0.0012584001990273925,10022.823366198205,19.849739274557113,0.0,0.0,0.30789688779250124,1863.0994681021725,5.0
309,0.19974253273675988,2065.000000000017,0.001000000000002478,0.0022592162095227113,10111.888949066873,21.729954700350753,0.0,0.0,0.4380116060104282,3056.9834025114515,5.0
310,0.11322722647328587,2065.0000000000005,0.0010000000000000076,0.0010200584345061718,9989.758984005042,19.399907951900868,0.0,0.0,0.28110093210319187,1863.0994681021725,5.0
311,0.16750525234360736,2065.0000000000737,0.001000000000000894,0.0010012811400787905,10082.777077759469,20.909977404924994,0.0,0.0,0.3775620860919813,1863.0994681021725,5.0
312,0.17209533580072564,2065.0000000000146,0.0010000000000000135,0.001162590433630969,10087.973944550462,21.029830839256366,0.0,0.0,0.38603179833020107,1863.0994681021725,5.0
313,0.14843904541229014,2065.0000000003315,0.0010000000000000564,0.002239202720834264,10057.07582454107,20.399986823327716,0.0,0.0,0.3428875320428253,1863.0994681021725,5.0
314,0.1881183968776195,2065.000000000003,0.001000000000000076,0.006200596176527978,10103.32257490907,21.439973243856542,0.0,0.0,0.4159582594988158,3056.9834025114515,5.0
315,0.1115425860678223,2065.000000000283,0.0010000000000008158,0.002729438931095778,9985.801460812037,19.34992307507047,0.0,0.0,0.2782216202452801,1863.0994681021725,5.0
316,0.23738254172843112,2065.000000000001,0.0010000000000278874,0.0014117563181113017,10126.223882133285,22.62992419426,0.0,0.0,0.5113167612345351,3056.9834025114515,5.0
317,0.24597301377858363,2065.0000000003115,0.0010000000000000178,0.013725903903458334,10126.840201632484,22.827717377606216,0.0,0.0,0.5284383120131435,3056.9834025114515,6.0
318,0.2237181357097276,2065.0000000000823,0.001000000000000136,0.002591922686685331,10123.271484465718,22.309704269579615,0.0,0.0,0.4843776990956681,3056.9834025114515,5.0
319,0.13188246442680104,2065.000000001167,0.0010000000000313443,0.002703008703508462,10028.900335485554,19.939889934087525,0.0,0.0,0.3134609211577424,1863.0994681021725,5.0
320,0.11832759386136689,2065.000000006219,0.0010000000000012664,0.006552393349129807,10001.298279895364,19.549966829485328,0.0,0.0,0.28986213302056996,1863.0994681021725,5.0
321,0.1558262778504323,2065.000000000009,0.0010000000000000525,0.0017843146191834278,10067.846935955737,20.599982042892197,0.0,0.0,0.3562240998348918,1863.0994681021725,5.0
322,0.2190976220838113,2065.0,0.0010000000000001355,0.01295782152562021,10121.707355716551,22.199801856681074,0.0,0.0,0.47535182500211515,3056.9834025114515,5.0
323,0.16941313203335495,2065.000000000476,0.0010000000000000018,0.001591792911339701,10084.981941406388,20.959927010247885,0.0,0.0,0.3810768835748044,1863.0994681021725,5.0
324,0.11560135865752097,2065.0000000000086,0.0010000000000028114,0.01363549979938488,9995.212160155155,19.46999369247578,0.0,0.0,0.28517094204453675,1863.0994681021725,5.0
325,0.23165328999973583,2065.000000000005,0.0010000000000113466,0.012676462795019373,10125.285752909487,22.49651737702752,0.0,0.0,0.4999771549003347,3056.9834025114515,5.0
326,0.24214031149807383,2065.000000000063,0.0010000000000201144,0.009702718733625024,10126.681009124906,22.739796934738642,0.0,0.0,0.5207818912901101,3056.9834025114515,6.0
327,0.18574450924174757,2065.000000000624,0.0010000000000067867,0.004734576489672107,10101.313721824397,21.37999043759296,0.0,0.0,0.4114896233977188,3056.9834025114515,5.0
328,0.22161790545717353,2065.0,0.0010000000000004454,0.0034002104366364356,10122.596674424092,22.259852916002245,0.0,0.0,0.4802697622848666,3056.9834025114515,5.0
329,0.18771779117842816,2065.000000000024,0.0010000000000000584,0.005858425688625929,10102.989865046406,21.42986936956012,0.0,0.0,0.4152033121325138,3056.9834025114515,5.0
330,0.17402792010422016,2065.0000000000005,0.0010000000000004393,0.0032236944740264358,10090.052670219724,21.079970419906438,0.0,0.0,0.3896117353496442,1863.0994681021725,5.0
331,0.16257449551061037,2065.0,0.0010000000000000018,0.005052735491697296,10076.778307913597,20.779999412125083,0.0,0.0,0.3685159406650236,1863.0994681021725,5.0
332,0.24170966902594318,2065.000000001211,0.0010000000003258206,0.0011256377576654678,10126.651519710333,22.729885540859463,0.0,0.0,0.5199233748314314,3056.9834025114515,6.0
333,0.1386435736100543,2065.000000000232,0.0010000000000047373,0.0011302302880422832,10041.106639239792,20.129830679023293,0.0,0.0,0.32539909943085554,1863.0994681021725,5.0
334,0.21160377747543258,2065.000000000077,0.0010000000000000005,0.007807829137979385,10118.54209773919,22.0197384281268,0.0,0.0,0.46080408812046025,3056.9834025114515,5.0
335,0.1444224449591227,2065.000000000132,0.0010000000000000243,0.0019667774169715483,10050.766204562831,20.289910892808898,0.0,0.0,0.33568920021865356,1863.0994681021725,5.0
336,0.12557326088594284,2065.0000000000896,0.001000000000000057,0.003692655403363546,10016.589406596344,19.759957118067756,0.0,0.0,0.3024204278739089,1863.0994681021725,5.0
337,0.19370002973614706,2065.000000000232,0.0010000000000045853,0.0011067618737379554,10107.69584156178,21.579978620936938,0.0,0.0,0.42651230674560736,3056.9834025114515,5.0
338,0.17441433135596063,2065.0000000000023,0.0010000000000319586,0.003144035236421452,10090.460629519639,21.089972943241712,0.0,0.0,0.3903285098602063,1863.0994681021725,5.0
339,0.17480145687551452,2065.000000000154,0.0010000000003257494,0.004175364721351783,10090.866791542643,21.0999864242091,0.0,0.0,0.3910469370755474,1863.0994681021725,5.0
340,0.20503259858799597,2065.0000000000796,0.0010000000000036917,0.012307023637601621,10115.110097658455,21.859937883525234,0.0,0.0,0.4481412589230698,3056.9834025114515,5.0
341,0.19010291176603228,2065.000001047997,0.0010000000000007908,0.00378295820816015,10104.933333321964,21.489915747871287,0.0,0.0,0.41970314954187327,3056.9834025114515,5.0
342,0.1048726861725543,2065.000000000002,0.0010000000000000946,0.0027543710206696216,9969.393457062866,19.149901690521222,0.0,0.0,0.2668932833952603,1863.0994681021725,5.0
343,0.11935560185234373,2065.0000000000045,0.0010000000000047725,0.0026373605035492752,10003.545228091398,19.57998441356526,0.0,0.0,0.29163593398767107,1863.0994681021725,5.0
344,0.1354305372404303,2065.000000000362,0.001000000000000199,0.0026552645474760992,10035.430165660435,20.039929920107348,0.0,0.0,0.31971212528147896,1863.0994681021725,5.0
345,0.14770497038909053,2065.0000000000737,0.0010000000000000742,0.003545096043326307,10055.946936537559,20.37994067985574,0.0,0.0,0.34156915389206355,1863.0994681021725,5.0
346,0.12487648617245674,2065.0000000007503,0.001000000000005971,0.005148982986002509,10015.173461066059,19.739921691674457,0.0,0.0,0.3012071151635951,1863.0994681021725,5.0
347,0.21952465340671085,2065.0000000001633,0.0010000000000150266,0.002394049527181782,10121.864179397637,22.209994495172435,0.0,0.0,0.47618421678873224,3056.9834025114515,5.0
348,0.2462834187610364,2065.0000000002938,0.0010000000000372614,0.012762035948882828,10126.84500714807,22.83481521129281,0.0,0.0,0.5290596232995803,3056.9834025114515,6.0
349,0.18891149462080464,2065.000000000011,0.001000000000006349,0.001543127951144151,10103.973757896581,21.45995428599238,0.0,0.0,0.41745387027721836,3056.9834025114515,5.0
350,0.19691458094852402,2065.000000001144,0.0010000000000013525,0.004034686564772484,10109.995602506719,21.659966949571515,0.0,0.0,0.4326203221834728,3056.9834025114515,5.0
351,0.190893722310273,2065.000000032402,0.0010000000000008652,0.004008734765199609,10105.557949484193,21.5097663690763,0.0,0.0,0.42119775843482987,3056.9834025114515,5.0
352,0.2128470103702738,2065.0000000000364,0.0010000000000000293,0.004453096903481552,10119.121806124263,22.04976932682857,0.0,0.0,0.4632097226607801,3056.9834025114515,5.0
353,0.20096064636406327,2065.00000000001,0.0010000000000029204,0.0021838557626214635,10112.667466098057,21.75999282271813,0.0,0.0,0.4403389748014499,3056.9834025114515,5.0
354,0.13685853832558725,2065.000000000003,0.001000000000013188,0.0016483838940893941,10037.980470766213,20.07996578985412,0.0,0.0,0.3222365979628248,1863.0994681021725,5.0
355,0.17093988678419972,2065.0000000000027,0.001000000000000657,0.002142991123695468,10086.700373218184,20.999762709637114,0.0,0.0,0.3838953568926895,1863.0994681021725,5.0
356,0.10388221665435929,2065.0,0.0010000000000006154,0.003230377663680265,9966.853566085287,19.11990358532178,0.0,0.0,0.2652208738228292,1863.0994681021725,5.0
357,0.11661981424792409,2065.0000000000164,0.0010000000000097587,0.0037674104994064863,9997.50757873546,19.4999326179813,0.0,0.0,0.28692126724747613,1863.0994681021725,5.0
358,0.18534241509137558,2065.0000000000164,0.001000000000005206,0.003399296533062536,10100.964534473384,21.369804143062236,0.0,0.0,0.41073390732973225,3056.9834025114515,5.0
359,0.1400866776734938,2065.0000000000023,0.0010000000000001826,0.011737789451447433,10043.584344502759,20.169998269485227,0.0,0.0,0.3279613528701639,1863.0994681021725,5.0
360,0.16484204303918867,2065.0000000000264,0.0010000000001185083,0.006341332034511402,10079.59130565357,20.83993378879089,0.0,0.0,0.3726693164770616,1863.0994681021725,5.0
361,0.1798483965865674,2065.0000000000095,0.0010000000000000536,0.0029408440485506225,10095.930735097227,21.22984942752464,0.0,0.0,0.4004429367295481,3056.9834025114515,5.0
362,0.18258753667458935,2065.0000000000014,0.001000000000001398,0.002288316987374499,10098.501949288,21.29980770108644,0.0,0.0,0.40556556566736535,3056.9834025114515,5.0
363,0.1659741964062263,2065.0000000000778,0.0010000000000067238,0.004359163932379424,10080.961085863892,20.869755655133446,0.0,0.0,0.37474734294061474,1863.0994681021725,5.0
364,0.15248567350766926,2065.0000000000023,0.001000000000000418,0.0038102940665226386,10063.107511287128,20.509928801952494,0.0,0.0,0.35017756988115556,1863.0994681021725,5.0
365,0.19892839003246438,2065.0000000000073,0.001000000000002214,0.010075156558705797,10111.356226211488,21.709842036924965,0.0,0.0,0.4364577954839013,3056.9834025114515,5.0
366,0.21326684990769684,2065.0000000000005,0.0010000000000000076,0.014243218763317909,10119.312629056247,22.059896398442973,0.0,0.0,0.46402281231818066,3056.9834025114515,5.0
367,0.23136001505750742,2065.0000000000005,0.001000000000001069,0.008299565657557203,10125.226192080567,22.489655552226864,0.0,0.0,0.4993984129106934,3056.9834025114515,5.0
368,0.1311792088396486,2065.0000000003283,0.0010000000000110066,0.00969228020981619,10027.572902390346,19.919964329467494,0.0,0.0,0.31222549284254764,1863.0994681021725,5.0
369,0.1152602417688397,2065.000000000262,0.0010000000000030618,0.010740951476131844,9994.437484778646,19.459949192149146,0.0,0.0,0.2845852817657628,1863.0994681021725,5.0
370,0.13365306838333313,2065.0,0.0010000000000001113,0.00564493886325979,10032.193642439353,19.989914596219286,0.0,0.0,0.3165766847950606,1863.0994681021725,5.0
371,0.17945336382985902,2065.0,0.0010000000000014908,0.002496659288622468,10095.549721187457,21.219730118477223,0.0,0.0,0.39970549968175173,3056.9834025114515,5.0
372,0.1125538527800231,2065.0000000000005,0.0010000000000000943,0.00307916641591401,9988.185950116167,19.379953730844647,0.0,0.0,0.2799491638562981,1863.0994681021725,5.0
373,0.15285800700747074,2065.0,0.001000000000017697,0.00633227737797063,10063.646395873811,20.519997234285523,0.0,0.0,0.3508502300557066,1863.0994681021725,5.0
374,0.16712444185916484,2065.0000000001323,0.0010000000000255677,0.0017677271065590278,10082.329291470163,20.89998478903038,0.0,0.0,0.37686150421683706,1863.0994681021725,5.0
375,0.18024033760665764,2065.000000000012,0.0010000000000007882,0.004261635822555046,10096.306215565586,21.239882011145177,0.0,0.0,0.40117493589785447,3056.9834025114515,5.0
376,0.19651064330197746,2065.000000000001,0.0010000000000036236,0.013584095238658358,10109.71528653086,21.64994112589637,0.0,0.0,0.4318516057668229,3056.9834025114515,5.0
377,0.2300686961775055,2065.0000000000073,0.0010000000000062635,0.0027740854875275703,10124.950455473643,22.459403752938545,0.0,0.0,0.49685215735207766,3056.9834025114515,5.0
378,0.23307199898240907,2065.000000000134,0.0010000000000000018,0.01385725855838801,10125.5579287331,22.52966577054379,0.0,0.0,0.502779175958677,3056.9834025114515,5.0
379,0.1591871073396396,2065.0,0.001000000000000059,0.0025545913194562537,10072.40101334215,20.689949212411175,0.0,0.0,0.3623329404991673,1863.0994681021725,5.0
380,0.18219949946390346,2065.0000000001237,0.001,0.014013716668002801,10098.145180208447,21.289919194823884,0.0,0.0,0.4048388907322513,3056.9834025114515,5.0
381,0.16106634445148374,2065.0,0.0010000000000070595,0.004263167867198877,10074.855526077206,20.739983829069473,0.0,0.0,0.36575991577612954,1863.0994681021725,5.0
382,0.1940961195453273,2065.000000000001,0.0010000000000000844,0.0016659763523746362,10107.987771016895,21.589859723648303,0.0,0.0,0.4272637520668756,3056.9834025114515,5.0
383,0.14333465546288304,2065.000000000004,0.0010000000000000417,0.001800007402197349,10049.000964163311,20.259933796211566,0.0,0.0,0.3337462190271918,1863.0994681021725,5.0
384,0.16295169644139273,2065.0000000000005,0.0010000000000085496,0.0040255002108816,10077.252711505067,20.789988446968458,0.0,0.0,0.36920604484826725,1863.0994681021725,5.0
385,0.125921320100761,2065.0000000000314,0.0010000000000002537,0.009065971149198337,10017.292451615474,19.769953010279274,0.0,0.0,0.30302696029920373,1863.0994681021725,5.0
386,0.2271104382457151,2065.0000000003606,0.001000000000000202,0.003350734327603878,10124.235474091449,22.38986226408279,0.0,0.0,0.49103132985110176,3056.9834025114515,5.0
387,0.11187584295004757,2065.0,0.0010000000000000178,0.0017988781607273445,9986.590199737031,19.359827957982365,0.0,0.0,0.27879063346613475,1863.0994681021725,5.0
